{"stats":{"minecraft:used":{"minecraft:iron_shovel":77,"minecraft:ladder":1,"minecraft:chest":10,"minecraft:shield":38,"minecraft:iron_sword":283,"minecraft:carrot":12,"minecraft:spruce_boat":1,"minecraft:golden_sword":96,"minecraft:red_carpet":29,"minecraft:furnace":2,"minecraft:potato":18,"minecraft:dark_oak_stairs":1,"minecraft:stone_pickaxe":162,"minecraft:dark_oak_sign":4,"minecraft:oak_planks":2,"minecraft:wooden_pickaxe":24,"minecraft:white_wool":2,"minecraft:golden_apple":3,"minecraft:golden_hoe":2,"minecraft:sand":9,"minecraft:mushroom_stew":2,"minecraft:netherite_helmet":1,"minecraft:redstone_torch":2,"minecraft:bread":114,"minecraft:cyan_bed":3,"tombstone:grave_key":23,"minecraft:diamond_sword":233,"minecraft:smithing_table":3,"minecraft:smooth_stone_slab":4,"minecraft:netherite_sword":195,"travelersbackpack:blaze":47,"minecraft:stone_sword":131,"minecraft:redstone":2,"minecraft:light_gray_carpet":3,"minecraft:spruce_planks":1,"farmersdelight:rich_soil":1,"minecraft:cooked_salmon":3,"minecraft:netherrack":1,"minecraft:torch":41,"minecraft:dirt":9,"minecraft:white_carpet":45,"minecraft:polished_diorite":4,"minecraft:birch_door":1,"minecraft:shroomlight":2,"minecraft:dark_oak_planks":8,"minecraft:iron_axe":287,"travelersbackpack:squid":10,"minecraft:light_gray_wool":2,"minecraft:golden_carrot":5,"minecraft:netherite_pickaxe":83,"minecraft:acacia_wood":1,"tombstone:gift":9,"minecraft:cooked_beef":1,"minecraft:enchanted_golden_apple":9,"minecraft:cooked_mutton":2,"farmersdelight:onion":22,"tombstone:scroll_of_feather_fall":1,"minecraft:crafting_table":10,"minecraft:red_bed":2,"minecraft:white_bed":12,"minecraft:spruce_log":3,"tombstone:bag_of_seeds":2,"minecraft:dark_prismarine":13,"minecraft:flower_pot":1,"minecraft:black_wool":8,"minecraft:iron_pickaxe":487,"tombstone:magic_scroll":2,"minecraft:spruce_sapling":4,"minecraft:stone_axe":233,"minecraft:fishing_rod":17,"minecraft:cobblestone":147,"minecraft:potion":2,"minecraft:white_banner":1,"minecraft:pumpkin_pie":43},"minecraft:killed":{"minecraft:cave_spider":3,"minecraft:witch":1,"minecraft:spider":4,"mowziesmobs:frostmaw":1,"minecraft:skeleton":62,"minecraft:piglin":9,"minecraft:zombie_villager":3,"minecraft:salmon":4,"minecraft:creeper":8,"minecraft:pillager":8,"minecraft:goat":1,"minecraft:zombie":37,"minecraft:stray":3,"minecraft:evoker":4,"minecraft:vex":3,"minecraft:vindicator":14,"minecraft:endermite":2,"minecraft:husk":22,"minecraft:rabbit":1,"minecraft:hoglin":3,"minecraft:squid":4,"minecraft:wither_skeleton":21},"minecraft:mined":{"minecraft:dark_oak_planks":6,"minecraft:spruce_planks":5,"minecraft:white_bed":10,"minecraft:cobblestone_stairs":1,"travelersbackpack:blaze":13,"minecraft:brewing_stand":3,"minecraft:granite":11,"minecraft:coal_block":2,"minecraft:polished_diorite":4,"minecraft:spawner":16,"minecraft:smooth_stone":1,"minecraft:iron_ore":34,"minecraft:fire":2,"minecraft:dark_oak_stairs":2,"minecraft:dirt_path":5,"minecraft:spruce_wood":9,"farmersdelight:rich_soil_farmland":1,"minecraft:red_bed":1,"minecraft:powder_snow":38,"minecraft:torch":6,"minecraft:blast_furnace":4,"minecraft:calcite":6,"minecraft:chest":4,"minecraft:cobblestone":39,"minecraft:cyan_bed":3,"minecraft:sugar_cane":1,"minecraft:oak_planks":3,"minecraft:wall_torch":12,"minecraft:powered_rail":1,"minecraft:birch_door":1,"minecraft:light_gray_wool":2,"minecraft:stone_brick_stairs":1,"minecraft:smooth_stone_slab":3,"minecraft:grass":2,"minecraft:sand":103,"minecraft:dirt":16,"minecraft:tripwire_hook":2,"minecraft:dispenser":2,"minecraft:netherrack":11,"minecraft:piston":1,"minecraft:oak_leaves":2,"minecraft:cyan_candle":1,"minecraft:emerald_block":1,"minecraft:redstone_lamp":4,"minecraft:dark_prismarine":47,"minecraft:red_carpet":2,"farmersdelight:onions":10,"minecraft:dark_oak_leaves":11,"minecraft:dark_oak_log":4,"minecraft:ladder":1,"minecraft:spruce_fence":6,"minecraft:redstone_wire":2,"minecraft:spruce_leaves":27,"minecraft:potted_bamboo":1,"minecraft:hay_block":66,"minecraft:redstone_ore":28,"minecraft:furnace":2,"minecraft:acacia_wood":4,"minecraft:andesite":37,"minecraft:gold_block":2,"minecraft:bookshelf":109,"minecraft:potatoes":12,"minecraft:cobblestone_slab":1,"minecraft:shroomlight":2,"minecraft:rail":70,"minecraft:packed_ice":2,"minecraft:stone":243,"minecraft:smithing_table":1,"minecraft:observer":6,"minecraft:crafting_table":8,"minecraft:emerald_ore":5,"minecraft:lightning_rod":2,"minecraft:copper_ore":1,"minecraft:diorite":22,"travelersbackpack:squid":5,"minecraft:redstone_torch":1,"minecraft:ice":22,"minecraft:white_carpet":9,"minecraft:spruce_log":27,"minecraft:red_wall_banner":1,"minecraft:black_wool":8,"minecraft:coal_ore":67,"minecraft:cobweb":182,"minecraft:cracked_stone_bricks":1,"minecraft:acacia_planks":10,"minecraft:polished_andesite":16,"minecraft:gold_ore":14},"minecraft:killed_by":{"minecraft:wither_skeleton":6,"minecraft:pillager":1,"minecraft:vindicator":4,"minecraft:piglin":1,"mowziesmobs:frostmaw":6,"minecraft:husk":3,"minecraft:hoglin":4,"minecraft:skeleton":21},"minecraft:crafted":{"tombstone:grave_key":6,"minecraft:chest":3,"minecraft:netherite_helmet":1,"minecraft:crafting_table":1,"minecraft:spruce_planks":64,"minecraft:wooden_pickaxe":1,"travelersbackpack:blaze":6,"cyclic:torch_launcher":1,"minecraft:iron_chestplate":1,"minecraft:shield":1,"minecraft:stick":24,"minecraft:iron_ingot":30,"minecraft:iron_pickaxe":1,"minecraft:stone_sword":1,"minecraft:gold_ingot":1,"minecraft:furnace":1,"minecraft:iron_axe":3,"minecraft:spruce_wood":3,"minecraft:stone_pickaxe":2,"minecraft:diamond_boots":2,"minecraft:spruce_boat":1,"minecraft:wheat":108,"minecraft:iron_sword":1,"minecraft:cooked_salmon":3,"minecraft:stone_axe":2,"minecraft:bread":53,"minecraft:air":0,"minecraft:iron_shovel":1,"minecraft:iron_leggings":1,"minecraft:white_bed":3,"minecraft:torch":20},"minecraft:custom":{"minecraft:interact_with_crafting_table":15,"minecraft:open_barrel":88,"minecraft:bell_ring":1,"minecraft:eat_cake_slice":22,"minecraft:leave_game":10,"minecraft:time_since_death":49079,"minecraft:damage_resisted":555,"minecraft:sprint_one_cm":903342,"minecraft:damage_blocked_by_shield":1240,"minecraft:drop":63,"minecraft:talked_to_villager":6,"minecraft:play_time":647569,"minecraft:deaths":50,"minecraft:jump":5021,"minecraft:walk_on_water_one_cm":150148,"minecraft:interact_with_furnace":44,"minecraft:sleep_in_bed":22,"minecraft:damage_dealt":59271,"minecraft:crouch_one_cm":21695,"tombstone:undead_killed":148,"minecraft:interact_with_smoker":1,"minecraft:inspect_dispenser":2,"minecraft:interact_with_smithing_table":20,"minecraft:mob_kills":224,"minecraft:interact_with_anvil":2,"minecraft:damage_dealt_resisted":147,"minecraft:climb_one_cm":22074,"minecraft:walk_one_cm":2255647,"minecraft:sneak_time":15953,"minecraft:walk_under_water_one_cm":222131,"minecraft:boat_one_cm":23580,"minecraft:interact_with_blast_furnace":40,"minecraft:total_world_time":647569,"tombstone:raider_killed":27,"minecraft:pot_flower":1,"minecraft:time_since_rest":8911,"minecraft:damage_taken":24021,"minecraft:damage_absorbed":1212,"tombstone:cast_on_ally":0,"minecraft:swim_one_cm":222125,"minecraft:fly_one_cm":1288992,"minecraft:open_chest":158,"minecraft:fish_caught":9,"minecraft:fall_one_cm":123437},"minecraft:broken":{"minecraft:golden_helmet":1,"minecraft:iron_chestplate":1,"minecraft:iron_leggings":1,"minecraft:stone_pickaxe":1,"minecraft:golden_sword":2,"minecraft:stone_axe":2,"minecraft:iron_sword":2,"minecraft:golden_chestplate":1,"minecraft:stone_sword":1,"minecraft:iron_axe":1,"minecraft:iron_pickaxe":1},"minecraft:dropped":{"minecraft:glass_bottle":1,"minecraft:dark_oak_sapling":1,"mowziesmobs:ice_crystal":1,"minecraft:netherite_boots":1,"minecraft:iron_pickaxe":1,"minecraft:dark_oak_planks":1,"minecraft:bone":1,"minecraft:netherite_sword":3,"minecraft:rotten_flesh":20,"minecraft:white_bed":2,"minecraft:warped_planks":1,"minecraft:carrot":23,"minecraft:leather_boots":3,"minecraft:chest":1,"minecraft:stone_brick_stairs":2,"minecraft:netherrack":8,"minecraft:egg":1,"minecraft:golden_boots":1,"minecraft:bread":52,"minecraft:golden_helmet":1,"minecraft:golden_horse_armor":1,"minecraft:netherite_helmet":1,"minecraft:coal":1,"minecraft:crimson_stairs":1,"travelersbackpack:blaze":2,"minecraft:iron_axe":2,"minecraft:tripwire_hook":2,"minecraft:bowl":2,"minecraft:suspicious_stew":1,"minecraft:shroomlight":1,"minecraft:stone_pressure_plate":1},"minecraft:picked_up":{"minecraft:birch_door":1,"minecraft:wheat":17,"minecraft:flower_pot":1,"minecraft:suspicious_stew":1,"minecraft:smithing_table":1,"minecraft:lead":1,"minecraft:enchanted_book":1,"minecraft:stone_brick_stairs":2,"minecraft:brewing_stand":2,"minecraft:golden_sword":2,"minecraft:string":187,"minecraft:dark_oak_trapdoor":3,"minecraft:raw_copper":5,"minecraft:smooth_stone_slab":5,"minecraft:experience_bottle":12,"minecraft:shroomlight":3,"travelersbackpack:blaze":15,"minecraft:smooth_stone":1,"minecraft:spruce_planks":7,"minecraft:redstone_torch":2,"minecraft:cobblestone_slab":1,"minecraft:calcite":14,"minecraft:iron_pickaxe":1,"minecraft:enchanted_golden_apple":2,"minecraft:coal_block":2,"minecraft:smooth_quartz_stairs":1,"minecraft:furnace":2,"minecraft:tipped_arrow":2,"minecraft:stick":5,"minecraft:oak_fence":3,"minecraft:torch":50,"minecraft:porkchop":5,"minecraft:lightning_rod":2,"tombstone:grave_dust":18,"minecraft:diorite":21,"minecraft:warped_planks":2,"minecraft:golden_chestplate":2,"minecraft:rotten_flesh":81,"farmersdelight:onion":39,"minecraft:iron_bars":1,"minecraft:cod":6,"minecraft:cobblestone":277,"minecraft:cooked_beef":1,"minecraft:andesite":37,"minecraft:golden_leggings":1,"minecraft:potato":41,"travelersbackpack:gold_tier_upgrade":1,"minecraft:dirt":37,"minecraft:leather_boots":3,"minecraft:bone":94,"minecraft:acacia_planks":8,"minecraft:bow":2,"minecraft:raw_gold":12,"minecraft:dark_oak_sign":4,"minecraft:cyan_candle":4,"minecraft:bamboo":1,"minecraft:powered_rail":1,"minecraft:moss_block":3,"minecraft:oak_planks":3,"travelersbackpack:squid":5,"tombstone:scroll_of_feather_fall":2,"minecraft:sand":99,"minecraft:ink_sac":11,"minecraft:cyan_bed":3,"minecraft:dark_oak_log":13,"minecraft:dark_prismarine":49,"minecraft:bundle":3,"minecraft:polished_andesite":13,"minecraft:dispenser":2,"minecraft:diamond":16,"minecraft:spruce_boat":1,"minecraft:netherite_helmet":2,"minecraft:soul_lantern":1,"minecraft:granite":11,"minecraft:golden_apple":6,"minecraft:bread":2,"minecraft:golden_horse_armor":1,"minecraft:emerald":22,"minecraft:light_gray_carpet":3,"minecraft:netherrack":9,"minecraft:crafting_table":8,"minecraft:splash_potion":10,"minecraft:ladder":1,"minecraft:leather_leggings":1,"minecraft:redstone_lamp":4,"minecraft:wooden_pickaxe":1,"minecraft:gold_block":2,"minecraft:red_bed":1,"minecraft:iron_axe":3,"minecraft:item_frame":5,"minecraft:netherite_scrap":2,"minecraft:white_carpet":53,"minecraft:cyan_carpet":15,"minecraft:cracked_stone_bricks":1,"minecraft:netherite_sword":4,"minecraft:player_head":1,"minecraft:observer":6,"minecraft:iron_nugget":18,"minecraft:spruce_slab":1,"minecraft:light_gray_wool":2,"minecraft:sugar_cane":15,"minecraft:chest":5,"minecraft:egg":1,"minecraft:dark_oak_sapling":1,"minecraft:raw_iron":34,"minecraft:spruce_fence":6,"minecraft:fire_charge":1,"farmersdelight:tomato_seeds":3,"minecraft:stone_button":1,"minecraft:redstone":127,"minecraft:netherite_pickaxe":1,"minecraft:stone_pressure_plate":2,"minecraft:dark_oak_planks":28,"minecraft:arrow":66,"minecraft:pumpkin_pie":4,"minecraft:hay_block":65,"mowziesmobs:ice_crystal":1,"minecraft:totem_of_undying":4,"tombstone:essence_of_undeath":2,"minecraft:gold_ingot":3,"minecraft:white_wool":2,"minecraft:rail":70,"minecraft:netherite_boots":1,"farmersdelight:rich_soil":1,"minecraft:tripwire_hook":2,"minecraft:salmon":6,"minecraft:acacia_wood":4,"minecraft:birch_planks":6,"minecraft:golden_boots":1,"minecraft:gunpowder":16,"minecraft:white_banner":2,"minecraft:cooked_mutton":2,"minecraft:red_carpet":29,"minecraft:apple":16,"minecraft:spruce_wood":9,"minecraft:iron_ingot":6,"tombstone:bag_of_seeds":1,"minecraft:iron_sword":1,"minecraft:dark_oak_stairs":6,"minecraft:book":329,"minecraft:dark_oak_slab":2,"minecraft:emerald_block":1,"minecraft:crimson_stairs":1,"minecraft:red_banner":1,"minecraft:spruce_sapling":4,"minecraft:blast_furnace":4,"minecraft:white_bed":11,"minecraft:spruce_log":27,"minecraft:spider_eye":3,"minecraft:pumpkin_seeds":2,"minecraft:polished_diorite":4,"tombstone:magic_scroll":1,"minecraft:black_wool":8,"minecraft:coal":81}},"DataVersion":3465}