{"stats":{"minecraft:mined":{"minecraft:crafting_table":4,"minecraft:torch":2,"minecraft:chest":2,"minecraft:copper_ore":1,"minecraft:spruce_leaves":6,"minecraft:sugar_cane":1,"minecraft:wall_torch":5,"minecraft:hay_block":4,"minecraft:furnace":1,"minecraft:iron_ore":16,"minecraft:spruce_log":9,"minecraft:andesite":6,"minecraft:dark_oak_stairs":1,"minecraft:grass":1,"minecraft:coal_ore":63,"minecraft:stone":58,"minecraft:netherrack":11},"minecraft:picked_up":{"minecraft:crafting_table":4,"minecraft:wheat":12,"minecraft:suspicious_stew":1,"minecraft:andesite":6,"minecraft:leather_leggings":1,"minecraft:golden_leggings":1,"minecraft:golden_sword":1,"minecraft:white_banner":1,"minecraft:raw_copper":5,"minecraft:leather_boots":1,"minecraft:bone":4,"minecraft:iron_ingot":1,"minecraft:iron_nugget":18,"minecraft:moss_block":3,"minecraft:sugar_cane":1,"minecraft:chest":2,"minecraft:dark_oak_stairs":1,"minecraft:furnace":1,"minecraft:tipped_arrow":1,"minecraft:stick":2,"minecraft:raw_iron":16,"minecraft:torch":7,"tombstone:scroll_of_feather_fall":1,"minecraft:fire_charge":1,"farmersdelight:tomato_seeds":3,"minecraft:spruce_sapling":3,"minecraft:spruce_log":9,"minecraft:arrow":4,"minecraft:hay_block":3,"mowziesmobs:ice_crystal":1,"minecraft:netherrack":9,"minecraft:coal":70,"minecraft:cobblestone":63},"minecraft:killed_by":{"minecraft:pillager":1,"mowziesmobs:frostmaw":6},"minecraft:dropped":{"minecraft:bread":5},"minecraft:custom":{"minecraft:interact_with_furnace":6,"minecraft:mob_kills":13,"tombstone:raider_killed":8,"minecraft:interact_with_crafting_table":8,"minecraft:leave_game":1,"minecraft:time_since_death":10856,"minecraft:sleep_in_bed":1,"minecraft:time_since_rest":9386,"minecraft:sprint_one_cm":53189,"minecraft:damage_taken":2511,"minecraft:walk_one_cm":178589,"minecraft:drop":5,"minecraft:damage_dealt":7477,"tombstone:cast_on_ally":0,"minecraft:swim_one_cm":4325,"minecraft:fly_one_cm":232742,"minecraft:open_chest":2,"minecraft:crouch_one_cm":1658,"minecraft:play_time":54805,"tombstone:undead_killed":3,"minecraft:deaths":8,"minecraft:sneak_time":984,"minecraft:walk_under_water_one_cm":17918,"minecraft:jump":773,"minecraft:walk_on_water_one_cm":4941,"minecraft:total_world_time":54805,"minecraft:fall_one_cm":26180},"minecraft:killed":{"mowziesmobs:frostmaw":1,"minecraft:pillager":8,"minecraft:zombie":2,"minecraft:stray":1},"minecraft:crafted":{"minecraft:crafting_table":1,"minecraft:spruce_planks":28,"minecraft:wooden_pickaxe":1,"minecraft:furnace":1,"minecraft:stone_axe":1,"minecraft:bread":9,"minecraft:air":0,"minecraft:stick":12,"minecraft:stone_pickaxe":2,"minecraft:iron_ingot":4,"minecraft:iron_pickaxe":1,"minecraft:torch":4,"minecraft:wheat":27},"minecraft:broken":{"minecraft:stone_pickaxe":1},"minecraft:used":{"minecraft:stone_pickaxe":140,"minecraft:wooden_pickaxe":19,"minecraft:torch":7,"tombstone:scroll_of_feather_fall":1,"minecraft:crafting_table":4,"minecraft:red_bed":1,"minecraft:spruce_log":2,"minecraft:bread":4,"minecraft:iron_pickaxe":1,"tombstone:grave_key":1,"minecraft:spruce_sapling":3,"minecraft:stone_axe":101,"minecraft:golden_sword":26,"minecraft:cobblestone":27,"minecraft:furnace":1,"tombstone:gift":4}},"DataVersion":3465}