{"stats":{"minecraft:used":{"minecraft:dark_oak_stairs":1,"travelersbackpack:blaze":20,"minecraft:redstone":1,"minecraft:stone_pickaxe":162,"minecraft:chest":5,"minecraft:wooden_pickaxe":19,"minecraft:iron_sword":116,"minecraft:cooked_salmon":3,"minecraft:netherrack":1,"minecraft:torch":14,"minecraft:dirt":9,"minecraft:white_carpet":28,"tombstone:scroll_of_feather_fall":1,"minecraft:crafting_table":9,"minecraft:red_bed":1,"minecraft:white_bed":5,"minecraft:spruce_log":3,"minecraft:polished_diorite":4,"minecraft:dark_oak_planks":1,"minecraft:flower_pot":1,"minecraft:bread":12,"minecraft:iron_axe":1,"minecraft:iron_pickaxe":12,"tombstone:grave_key":1,"minecraft:spruce_sapling":3,"minecraft:stone_axe":125,"minecraft:golden_sword":26,"minecraft:cobblestone":29,"minecraft:furnace":2,"minecraft:smithing_table":1,"minecraft:smooth_stone_slab":4,"tombstone:gift":4},"minecraft:killed":{"minecraft:salmon":4,"mowziesmobs:frostmaw":1,"minecraft:creeper":1,"minecraft:squid":3,"minecraft:pillager":8,"minecraft:goat":1,"minecraft:zombie":2,"minecraft:stray":1},"minecraft:mined":{"minecraft:white_bed":4,"minecraft:powder_snow":38,"minecraft:brewing_stand":1,"minecraft:crafting_table":8,"minecraft:torch":5,"minecraft:spruce_fence":6,"minecraft:chest":2,"minecraft:redstone_wire":1,"minecraft:polished_diorite":4,"minecraft:potted_bamboo":1,"minecraft:copper_ore":1,"minecraft:spruce_leaves":12,"minecraft:sugar_cane":1,"minecraft:wall_torch":8,"minecraft:hay_block":4,"minecraft:smooth_stone":1,"minecraft:furnace":2,"minecraft:iron_ore":16,"minecraft:ice":21,"minecraft:white_carpet":1,"minecraft:spruce_log":10,"minecraft:andesite":6,"minecraft:smooth_stone_slab":2,"minecraft:dark_oak_stairs":1,"minecraft:grass":1,"minecraft:dirt_path":5,"minecraft:coal_ore":63,"minecraft:dirt":4,"minecraft:cobweb":112,"minecraft:stone":60,"minecraft:netherrack":11,"minecraft:oak_leaves":2},"minecraft:killed_by":{"minecraft:pillager":1,"mowziesmobs:frostmaw":6},"minecraft:crafted":{"minecraft:crafting_table":1,"minecraft:spruce_planks":28,"minecraft:wooden_pickaxe":1,"minecraft:furnace":1,"minecraft:cooked_salmon":3,"travelersbackpack:blaze":4,"minecraft:stone_axe":1,"minecraft:bread":13,"minecraft:air":0,"minecraft:iron_axe":1,"minecraft:stick":12,"minecraft:iron_ingot":6,"minecraft:stone_pickaxe":2,"minecraft:iron_pickaxe":1,"minecraft:white_bed":2,"minecraft:torch":8,"minecraft:wheat":27},"minecraft:custom":{"minecraft:interact_with_smithing_table":7,"minecraft:interact_with_furnace":32,"minecraft:mob_kills":22,"tombstone:raider_killed":8,"minecraft:interact_with_crafting_table":11,"minecraft:bell_ring":1,"minecraft:pot_flower":1,"minecraft:leave_game":2,"minecraft:time_since_death":71481,"minecraft:sleep_in_bed":7,"minecraft:climb_one_cm":3960,"minecraft:time_since_rest":4870,"minecraft:sprint_one_cm":188701,"minecraft:damage_taken":3510,"minecraft:walk_one_cm":670252,"minecraft:drop":12,"minecraft:damage_dealt":8196,"tombstone:cast_on_ally":0,"minecraft:swim_one_cm":47971,"minecraft:fly_one_cm":395282,"minecraft:talked_to_villager":5,"minecraft:open_chest":53,"minecraft:crouch_one_cm":3516,"minecraft:play_time":147338,"tombstone:undead_killed":3,"minecraft:deaths":10,"minecraft:sneak_time":1646,"minecraft:walk_under_water_one_cm":42523,"minecraft:jump":1505,"minecraft:walk_on_water_one_cm":22788,"minecraft:total_world_time":147338,"minecraft:fall_one_cm":46693},"minecraft:broken":{"minecraft:stone_pickaxe":1,"minecraft:stone_axe":1},"minecraft:dropped":{"minecraft:bread":6,"minecraft:white_bed":2,"minecraft:leather_boots":3,"minecraft:iron_axe":1},"minecraft:picked_up":{"minecraft:crafting_table":8,"minecraft:wheat":12,"minecraft:cooked_beef":1,"minecraft:splash_potion":1,"minecraft:flower_pot":1,"minecraft:suspicious_stew":1,"minecraft:andesite":6,"minecraft:salmon":3,"minecraft:leather_leggings":1,"minecraft:golden_leggings":1,"minecraft:golden_sword":1,"minecraft:gunpowder":5,"minecraft:string":111,"minecraft:dirt":9,"minecraft:white_banner":1,"minecraft:raw_copper":5,"minecraft:smooth_stone_slab":4,"minecraft:white_carpet":28,"minecraft:leather_boots":3,"minecraft:cooked_mutton":2,"minecraft:item_frame":5,"minecraft:bone":4,"minecraft:smooth_stone":1,"minecraft:bamboo":1,"minecraft:iron_ingot":1,"minecraft:iron_sword":1,"minecraft:iron_nugget":18,"minecraft:moss_block":3,"minecraft:sugar_cane":15,"minecraft:chest":2,"minecraft:dark_oak_stairs":1,"minecraft:furnace":2,"minecraft:tipped_arrow":1,"minecraft:stick":2,"minecraft:raw_iron":16,"minecraft:torch":14,"minecraft:spruce_fence":6,"tombstone:scroll_of_feather_fall":1,"minecraft:fire_charge":1,"minecraft:redstone":1,"farmersdelight:tomato_seeds":3,"minecraft:spruce_sapling":3,"minecraft:ink_sac":9,"minecraft:white_bed":5,"minecraft:spruce_log":10,"minecraft:arrow":4,"minecraft:rotten_flesh":2,"minecraft:polished_diorite":4,"minecraft:hay_block":3,"mowziesmobs:ice_crystal":1,"minecraft:emerald":11,"minecraft:bread":2,"minecraft:gold_ingot":1,"minecraft:netherrack":9,"minecraft:iron_bars":1,"minecraft:coal":70,"minecraft:cobblestone":67}},"DataVersion":3465}