{"stats":{"minecraft:used":{"cyclic:battery_infinite":1,"minecraft:iron_shovel":337,"minecraft:ladder":4,"cyclic:anvil":5,"minecraft:chest":10,"minecraft:shield":49,"minecraft:iron_sword":283,"minecraft:carrot":12,"minecraft:spruce_boat":1,"minecraft:lantern":4,"minecraft:stone_bricks":1,"minecraft:golden_sword":96,"minecraft:red_carpet":29,"minecraft:hay_block":6,"minecraft:sweet_berries":3,"minecraft:furnace":2,"minecraft:potato":18,"minecraft:dark_oak_stairs":1,"minecraft:stone_pickaxe":163,"minecraft:dark_oak_sign":4,"minecraft:oak_planks":6,"minecraft:wooden_pickaxe":24,"minecraft:white_wool":2,"minecraft:golden_apple":3,"minecraft:golden_hoe":2,"minecraft:sand":9,"minecraft:mushroom_stew":2,"minecraft:blast_furnace":2,"minecraft:netherite_helmet":1,"minecraft:redstone_torch":2,"minecraft:dark_oak_log":1,"minecraft:bread":134,"minecraft:cyan_bed":11,"tombstone:grave_key":23,"minecraft:diamond_sword":233,"minecraft:smithing_table":3,"minecraft:smooth_stone_slab":4,"minecraft:experience_bottle":1,"minecraft:netherite_sword":322,"travelersbackpack:blaze":47,"minecraft:stone_sword":131,"minecraft:redstone":2,"minecraft:light_gray_carpet":3,"minecraft:spruce_planks":1,"farmersdelight:rich_soil":1,"minecraft:cooked_salmon":3,"minecraft:netherrack":1,"minecraft:torch":41,"minecraft:dirt":29,"minecraft:anvil":1,"minecraft:white_carpet":45,"minecraft:polished_diorite":4,"minecraft:birch_door":1,"minecraft:shroomlight":2,"minecraft:dark_oak_planks":8,"minecraft:iron_axe":316,"travelersbackpack:squid":15,"minecraft:light_gray_wool":2,"minecraft:golden_carrot":5,"minecraft:netherite_pickaxe":173,"minecraft:acacia_wood":1,"tombstone:gift":9,"minecraft:cooked_beef":1,"minecraft:enchanted_golden_apple":9,"minecraft:pointed_dripstone":1,"minecraft:cooked_mutton":2,"farmersdelight:skillet":4,"minecraft:bundle":1,"farmersdelight:onion":22,"tombstone:scroll_of_feather_fall":1,"minecraft:crafting_table":10,"minecraft:red_bed":2,"minecraft:white_bed":12,"minecraft:spruce_log":3,"tombstone:bag_of_seeds":4,"minecraft:dark_prismarine":13,"minecraft:flower_pot":1,"minecraft:black_wool":8,"minecraft:iron_pickaxe":487,"tombstone:magic_scroll":2,"minecraft:spruce_sapling":4,"minecraft:stone_axe":233,"minecraft:fishing_rod":17,"minecraft:cobblestone":149,"minecraft:potion":2,"minecraft:white_banner":2,"minecraft:pumpkin_pie":43},"minecraft:killed":{"minecraft:cave_spider":9,"minecraft:witch":1,"minecraft:spider":6,"mowziesmobs:frostmaw":1,"minecraft:skeleton":71,"minecraft:piglin":9,"minecraft:zombie_villager":4,"minecraft:salmon":4,"minecraft:creeper":8,"minecraft:pillager":10,"minecraft:goat":1,"minecraft:zombie":45,"minecraft:stray":3,"minecraft:evoker":4,"minecraft:vex":3,"minecraft:vindicator":14,"minecraft:endermite":2,"minecraft:husk":23,"minecraft:rabbit":1,"minecraft:hoglin":3,"minecraft:squid":4,"minecraft:wither_skeleton":21,"minecraft:enderman":1},"minecraft:mined":{"minecraft:dark_oak_planks":6,"minecraft:spruce_planks":10,"minecraft:white_bed":10,"minecraft:cobblestone_stairs":1,"travelersbackpack:blaze":13,"minecraft:brewing_stand":3,"minecraft:granite":11,"minecraft:grass_block":21,"minecraft:coal_block":34,"minecraft:polished_diorite":4,"minecraft:hopper":2,"minecraft:spawner":19,"minecraft:smooth_stone":1,"minecraft:iron_ore":35,"minecraft:fire":2,"minecraft:anvil":1,"minecraft:dark_oak_stairs":2,"minecraft:pointed_dripstone":3,"minecraft:dirt_path":32,"minecraft:spruce_wood":9,"farmersdelight:rich_soil_farmland":1,"minecraft:red_bed":1,"minecraft:powder_snow":38,"minecraft:torch":76,"minecraft:blast_furnace":6,"minecraft:calcite":8,"minecraft:chest":4,"minecraft:cobblestone":39,"minecraft:grindstone":2,"minecraft:cyan_bed":12,"minecraft:sugar_cane":1,"minecraft:oak_planks":7,"minecraft:wall_torch":31,"minecraft:powered_rail":3,"minecraft:birch_door":1,"minecraft:light_gray_wool":2,"minecraft:tnt":1,"minecraft:stone_brick_stairs":10,"minecraft:smooth_stone_slab":3,"minecraft:grass":4,"minecraft:sand":103,"minecraft:dirt":88,"minecraft:tripwire_hook":2,"minecraft:dispenser":2,"minecraft:netherrack":11,"minecraft:piston":2,"minecraft:oak_leaves":2,"minecraft:cyan_candle":1,"minecraft:emerald_block":1,"minecraft:redstone_lamp":4,"minecraft:dark_prismarine":47,"minecraft:red_carpet":2,"farmersdelight:onions":10,"minecraft:dark_oak_leaves":11,"minecraft:dark_oak_log":4,"minecraft:ladder":4,"minecraft:spruce_fence":6,"minecraft:redstone_wire":2,"minecraft:spruce_leaves":27,"minecraft:potted_bamboo":1,"minecraft:hay_block":87,"minecraft:redstone_ore":28,"minecraft:furnace":2,"minecraft:acacia_wood":4,"minecraft:andesite":37,"minecraft:gold_block":3,"minecraft:bookshelf":126,"minecraft:potatoes":12,"minecraft:vine":1,"minecraft:cobblestone_slab":1,"minecraft:shroomlight":2,"minecraft:rail":88,"minecraft:packed_ice":2,"minecraft:stone":247,"minecraft:smithing_table":1,"minecraft:observer":8,"minecraft:crafting_table":8,"minecraft:emerald_ore":5,"minecraft:lightning_rod":2,"minecraft:tall_grass":2,"minecraft:copper_ore":1,"minecraft:diorite":27,"farmersdelight:skillet":1,"travelersbackpack:squid":5,"minecraft:redstone_torch":1,"minecraft:sweet_berry_bush":4,"minecraft:ice":22,"minecraft:white_carpet":9,"minecraft:spruce_log":27,"minecraft:white_wall_banner":1,"minecraft:red_wall_banner":1,"minecraft:black_wool":8,"minecraft:coal_ore":67,"minecraft:gravel":107,"minecraft:cobweb":219,"minecraft:cracked_stone_bricks":1,"minecraft:acacia_planks":10,"minecraft:stone_bricks":1,"minecraft:polished_andesite":16,"minecraft:gold_ore":14},"minecraft:killed_by":{"minecraft:wither_skeleton":6,"minecraft:pillager":1,"minecraft:vindicator":4,"minecraft:piglin":1,"mowziesmobs:frostmaw":6,"minecraft:husk":3,"minecraft:hoglin":4,"minecraft:skeleton":21},"minecraft:crafted":{"tombstone:grave_key":6,"minecraft:chest":3,"minecraft:netherite_helmet":1,"minecraft:stone_hoe":5,"minecraft:arrow":64,"minecraft:emerald":9,"minecraft:crafting_table":1,"minecraft:spruce_planks":76,"minecraft:wooden_pickaxe":1,"travelersbackpack:blaze":6,"minecraft:gold_block":5,"cyclic:torch_launcher":2,"minecraft:iron_chestplate":1,"minecraft:emerald_block":2,"minecraft:shield":1,"minecraft:stick":56,"minecraft:iron_ingot":30,"minecraft:iron_pickaxe":1,"minecraft:iron_block":6,"minecraft:stone_sword":1,"minecraft:gold_ingot":14,"minecraft:coal":63,"minecraft:furnace":1,"minecraft:iron_axe":3,"minecraft:spruce_wood":3,"minecraft:stone_pickaxe":7,"minecraft:diamond_boots":2,"minecraft:spruce_boat":1,"minecraft:redstone_block":13,"minecraft:wheat":153,"minecraft:iron_sword":1,"minecraft:cooked_salmon":3,"minecraft:stone_axe":2,"minecraft:bread":68,"minecraft:air":0,"minecraft:iron_shovel":2,"minecraft:iron_leggings":1,"minecraft:white_bed":3,"minecraft:torch":20},"minecraft:custom":{"minecraft:interact_with_crafting_table":15,"minecraft:open_barrel":90,"minecraft:bell_ring":1,"minecraft:eat_cake_slice":22,"minecraft:leave_game":10,"minecraft:time_since_death":211079,"minecraft:damage_resisted":555,"minecraft:sprint_one_cm":995340,"minecraft:damage_blocked_by_shield":1415,"minecraft:drop":76,"minecraft:talked_to_villager":18,"minecraft:play_time":809569,"minecraft:deaths":50,"minecraft:jump":5863,"minecraft:walk_on_water_one_cm":166072,"minecraft:interact_with_furnace":74,"minecraft:traded_with_villager":23,"minecraft:sleep_in_bed":31,"minecraft:damage_dealt":65132,"minecraft:crouch_one_cm":28871,"tombstone:undead_killed":167,"minecraft:interact_with_smoker":1,"minecraft:inspect_dispenser":2,"minecraft:horse_one_cm":1050771,"minecraft:interact_with_smithing_table":22,"minecraft:mob_kills":255,"minecraft:interact_with_anvil":7,"minecraft:damage_dealt_resisted":147,"minecraft:climb_one_cm":42513,"minecraft:walk_one_cm":2835321,"minecraft:sneak_time":19297,"minecraft:walk_under_water_one_cm":228015,"minecraft:boat_one_cm":23580,"minecraft:interact_with_blast_furnace":55,"minecraft:total_world_time":809569,"tombstone:raider_killed":29,"minecraft:pot_flower":1,"minecraft:time_since_rest":8191,"minecraft:damage_taken":24841,"minecraft:damage_absorbed":1212,"tombstone:cast_on_ally":0,"minecraft:swim_one_cm":236136,"minecraft:fly_one_cm":1511415,"minecraft:open_chest":204,"minecraft:fish_caught":9,"minecraft:fall_one_cm":147744},"minecraft:broken":{"minecraft:golden_helmet":1,"minecraft:iron_shovel":1,"minecraft:iron_chestplate":1,"minecraft:iron_leggings":1,"minecraft:stone_pickaxe":1,"minecraft:golden_sword":2,"minecraft:stone_axe":2,"minecraft:iron_sword":2,"minecraft:golden_chestplate":1,"cyclic:torch_launcher":1,"minecraft:stone_sword":1,"minecraft:iron_axe":1,"minecraft:iron_pickaxe":1},"minecraft:dropped":{"minecraft:glass_bottle":1,"minecraft:dark_oak_sapling":1,"mowziesmobs:ice_crystal":1,"minecraft:emerald":1,"minecraft:netherite_scrap":3,"minecraft:netherite_boots":1,"minecraft:gold_nugget":20,"minecraft:glistering_melon_slice":7,"minecraft:iron_pickaxe":1,"minecraft:dark_oak_planks":1,"minecraft:bone":1,"minecraft:netherite_sword":3,"minecraft:obsidian":3,"minecraft:rotten_flesh":22,"minecraft:white_bed":2,"minecraft:warped_planks":1,"minecraft:carrot":23,"minecraft:gunpowder":5,"minecraft:leather_boots":3,"minecraft:chest":1,"minecraft:stone_brick_stairs":2,"minecraft:netherrack":8,"minecraft:egg":1,"minecraft:golden_boots":1,"minecraft:bread":53,"minecraft:golden_helmet":1,"minecraft:golden_horse_armor":1,"minecraft:netherite_helmet":1,"minecraft:coal":1,"minecraft:crimson_stairs":1,"minecraft:ink_sac":11,"travelersbackpack:blaze":2,"minecraft:iron_axe":2,"minecraft:tripwire_hook":2,"minecraft:acacia_planks":5,"minecraft:bowl":2,"minecraft:blast_furnace":2,"minecraft:suspicious_stew":1,"minecraft:shroomlight":1,"minecraft:spruce_planks":4,"minecraft:stone_pressure_plate":1},"minecraft:picked_up":{"minecraft:birch_door":1,"minecraft:wheat":17,"minecraft:anvil":1,"minecraft:flower_pot":1,"minecraft:suspicious_stew":1,"minecraft:smithing_table":1,"minecraft:lead":1,"minecraft:enchanted_book":1,"minecraft:stone_brick_stairs":11,"minecraft:brewing_stand":2,"minecraft:golden_sword":2,"minecraft:string":230,"minecraft:dark_oak_trapdoor":3,"minecraft:raw_copper":5,"minecraft:smooth_stone_slab":5,"minecraft:experience_bottle":13,"minecraft:shroomlight":3,"travelersbackpack:blaze":15,"minecraft:gold_nugget":20,"minecraft:smooth_stone":1,"minecraft:spruce_planks":16,"minecraft:redstone_torch":2,"minecraft:cobblestone_slab":1,"minecraft:calcite":16,"minecraft:iron_pickaxe":1,"minecraft:enchanted_golden_apple":3,"minecraft:coal_block":34,"minecraft:smooth_quartz_stairs":1,"minecraft:furnace":2,"minecraft:tipped_arrow":2,"minecraft:stick":5,"minecraft:oak_fence":3,"minecraft:torch":147,"minecraft:porkchop":5,"minecraft:lightning_rod":2,"minecraft:pointed_dripstone":4,"tombstone:grave_dust":21,"minecraft:diorite":26,"minecraft:warped_planks":2,"minecraft:golden_chestplate":2,"minecraft:rotten_flesh":87,"farmersdelight:onion":39,"minecraft:obsidian":3,"minecraft:iron_bars":1,"minecraft:cod":6,"minecraft:cobblestone":281,"minecraft:cooked_beef":1,"minecraft:andesite":37,"minecraft:golden_leggings":1,"minecraft:potato":41,"minecraft:flint":14,"travelersbackpack:gold_tier_upgrade":1,"minecraft:lapis_lazuli":2,"minecraft:lantern":4,"minecraft:dirt":132,"minecraft:leather_boots":3,"minecraft:bone":102,"minecraft:acacia_planks":13,"minecraft:bow":6,"minecraft:wheat_seeds":1,"minecraft:raw_gold":12,"minecraft:grindstone":2,"minecraft:dark_oak_sign":4,"minecraft:cyan_candle":4,"minecraft:bamboo":1,"minecraft:powered_rail":3,"minecraft:moss_block":3,"minecraft:oak_planks":7,"travelersbackpack:squid":5,"tombstone:scroll_of_feather_fall":2,"minecraft:sand":99,"minecraft:ink_sac":22,"minecraft:cyan_bed":12,"minecraft:dark_oak_log":13,"minecraft:dark_prismarine":49,"minecraft:bundle":4,"minecraft:polished_andesite":13,"minecraft:dispenser":2,"minecraft:diamond":16,"minecraft:spruce_boat":1,"minecraft:netherite_helmet":2,"minecraft:soul_lantern":1,"minecraft:granite":11,"minecraft:golden_apple":6,"minecraft:bread":3,"minecraft:golden_horse_armor":1,"minecraft:emerald":24,"minecraft:light_gray_carpet":3,"minecraft:netherrack":9,"minecraft:cocoa_beans":1,"minecraft:crafting_table":8,"minecraft:splash_potion":10,"minecraft:ladder":4,"minecraft:leather_leggings":1,"minecraft:redstone_lamp":4,"minecraft:wooden_pickaxe":1,"minecraft:gold_block":3,"minecraft:red_bed":1,"minecraft:iron_axe":3,"minecraft:item_frame":5,"minecraft:netherite_scrap":5,"minecraft:white_carpet":53,"minecraft:cyan_carpet":15,"minecraft:cracked_stone_bricks":1,"minecraft:netherite_sword":5,"minecraft:player_head":1,"minecraft:observer":8,"minecraft:iron_nugget":18,"minecraft:spruce_slab":1,"minecraft:light_gray_wool":2,"minecraft:sugar_cane":15,"minecraft:chest":5,"minecraft:piston":1,"minecraft:egg":1,"minecraft:dark_oak_sapling":1,"minecraft:raw_iron":35,"minecraft:spruce_fence":6,"minecraft:fire_charge":1,"minecraft:white_dye":2,"farmersdelight:tomato_seeds":3,"minecraft:stone_button":1,"minecraft:redstone":129,"minecraft:netherite_pickaxe":1,"minecraft:stone_pressure_plate":2,"minecraft:dark_oak_planks":28,"minecraft:tnt":1,"minecraft:arrow":75,"minecraft:pumpkin_pie":4,"minecraft:hay_block":83,"mowziesmobs:ice_crystal":1,"minecraft:glistering_melon_slice":7,"minecraft:totem_of_undying":4,"tombstone:essence_of_undeath":2,"minecraft:gold_ingot":7,"minecraft:white_wool":2,"minecraft:rail":88,"minecraft:netherite_boots":1,"farmersdelight:rich_soil":1,"minecraft:glow_ink_sac":5,"minecraft:tripwire_hook":2,"minecraft:salmon":6,"minecraft:acacia_wood":4,"minecraft:birch_planks":6,"minecraft:golden_boots":1,"minecraft:gunpowder":21,"farmersdelight:skillet":1,"minecraft:white_banner":3,"minecraft:cooked_mutton":2,"minecraft:red_carpet":29,"minecraft:apple":16,"minecraft:stone_bricks":1,"minecraft:spruce_wood":9,"minecraft:iron_ingot":10,"tombstone:bag_of_seeds":2,"minecraft:iron_sword":1,"minecraft:dark_oak_stairs":6,"minecraft:book":380,"minecraft:dark_oak_slab":2,"minecraft:emerald_block":1,"minecraft:sweet_berries":5,"minecraft:gravel":83,"minecraft:crimson_stairs":1,"minecraft:red_banner":1,"minecraft:spruce_sapling":4,"minecraft:blast_furnace":8,"minecraft:white_bed":11,"minecraft:spruce_log":27,"minecraft:spider_eye":3,"minecraft:pumpkin_seeds":2,"minecraft:polished_diorite":4,"tombstone:magic_scroll":1,"minecraft:black_wool":8,"minecraft:coal":83,"minecraft:hopper":2,"minecraft:ender_pearl":1}},"DataVersion":3465}