{"stats":{"minecraft:mined":{"minecraft:crafting_table":4,"minecraft:torch":2,"minecraft:chest":2,"minecraft:copper_ore":1,"minecraft:spruce_leaves":6,"minecraft:sugar_cane":1,"minecraft:wall_torch":5,"minecraft:hay_block":4,"minecraft:furnace":1,"minecraft:iron_ore":13,"minecraft:spruce_log":9,"minecraft:andesite":6,"minecraft:dark_oak_stairs":1,"minecraft:grass":1,"minecraft:coal_ore":63,"minecraft:stone":58,"minecraft:netherrack":11},"minecraft:picked_up":{"minecraft:crafting_table":4,"minecraft:wheat":12,"minecraft:suspicious_stew":1,"minecraft:andesite":6,"minecraft:leather_leggings":1,"minecraft:golden_leggings":1,"minecraft:golden_sword":1,"minecraft:white_banner":1,"minecraft:raw_copper":5,"minecraft:leather_boots":1,"minecraft:bone":3,"minecraft:iron_ingot":1,"minecraft:iron_nugget":18,"minecraft:moss_block":3,"minecraft:sugar_cane":1,"minecraft:chest":2,"minecraft:dark_oak_stairs":1,"minecraft:furnace":1,"minecraft:tipped_arrow":1,"minecraft:stick":2,"minecraft:raw_iron":13,"minecraft:torch":7,"tombstone:scroll_of_feather_fall":1,"minecraft:fire_charge":1,"farmersdelight:tomato_seeds":3,"minecraft:spruce_sapling":3,"minecraft:spruce_log":9,"minecraft:arrow":4,"minecraft:hay_block":3,"minecraft:netherrack":9,"minecraft:coal":70,"minecraft:cobblestone":63},"minecraft:killed_by":{"minecraft:pillager":1,"mowziesmobs:frostmaw":4},"minecraft:dropped":{"minecraft:bread":5},"minecraft:custom":{"minecraft:interact_with_furnace":6,"minecraft:mob_kills":12,"tombstone:raider_killed":8,"minecraft:interact_with_crafting_table":8,"minecraft:leave_game":1,"minecraft:time_since_death":344,"minecraft:sleep_in_bed":1,"minecraft:time_since_rest":12,"minecraft:sprint_one_cm":49191,"minecraft:damage_taken":1883,"minecraft:walk_one_cm":140799,"minecraft:drop":5,"minecraft:damage_dealt":4706,"tombstone:cast_on_ally":0,"minecraft:swim_one_cm":4325,"minecraft:fly_one_cm":169155,"minecraft:open_chest":2,"minecraft:crouch_one_cm":1655,"minecraft:play_time":42805,"tombstone:undead_killed":3,"minecraft:deaths":6,"minecraft:sneak_time":914,"minecraft:walk_under_water_one_cm":17918,"minecraft:jump":632,"minecraft:walk_on_water_one_cm":4870,"minecraft:total_world_time":42805,"minecraft:fall_one_cm":18586},"minecraft:killed":{"minecraft:pillager":8,"minecraft:zombie":2,"minecraft:stray":1},"minecraft:crafted":{"minecraft:crafting_table":1,"minecraft:spruce_planks":28,"minecraft:wooden_pickaxe":1,"minecraft:furnace":1,"minecraft:stone_axe":1,"minecraft:bread":9,"minecraft:air":0,"minecraft:stick":12,"minecraft:stone_pickaxe":2,"minecraft:iron_ingot":4,"minecraft:iron_pickaxe":1,"minecraft:torch":4,"minecraft:wheat":27},"minecraft:broken":{"minecraft:stone_pickaxe":1},"minecraft:used":{"minecraft:stone_pickaxe":138,"minecraft:wooden_pickaxe":19,"minecraft:torch":7,"tombstone:scroll_of_feather_fall":1,"minecraft:crafting_table":4,"minecraft:red_bed":1,"minecraft:spruce_log":2,"minecraft:bread":4,"tombstone:grave_key":1,"minecraft:spruce_sapling":3,"minecraft:stone_axe":62,"minecraft:golden_sword":26,"minecraft:cobblestone":27,"minecraft:furnace":1}},"DataVersion":3465}