{"stats":{"minecraft:custom":{"minecraft:time_since_rest":34440,"minecraft:interact_with_furnace":4,"minecraft:sprint_one_cm":3824,"minecraft:damage_taken":225,"minecraft:walk_one_cm":114645,"minecraft:mob_kills":11,"minecraft:drop":1,"minecraft:damage_dealt":1450,"minecraft:interact_with_crafting_table":5,"minecraft:fly_one_cm":6227,"minecraft:crouch_one_cm":1005,"minecraft:play_time":34440,"tombstone:undead_killed":6,"minecraft:sneak_time":541,"minecraft:jump":371,"minecraft:leave_game":3,"minecraft:time_since_death":34440,"minecraft:total_world_time":34440,"minecraft:fall_one_cm":3090},"minecraft:killed":{"minecraft:skeleton":2,"minecraft:zombie":4,"minecraft:pig":4,"minecraft:cow":1},"minecraft:dropped":{"minecraft:wooden_pickaxe":1},"minecraft:used":{"minecraft:stone_shovel":42,"minecraft:stone_pickaxe":114,"minecraft:wooden_pickaxe":14,"minecraft:spruce_sapling":3,"minecraft:stone_axe":44,"minecraft:torch":9,"minecraft:cobblestone":14,"minecraft:sweet_berries":2,"minecraft:crafting_table":4,"minecraft:furnace":2,"minecraft:cooked_beef":1,"minecraft:spruce_log":4},"minecraft:mined":{"minecraft:large_fern":6,"minecraft:furnace":1,"minecraft:iron_ore":13,"minecraft:sweet_berry_bush":6,"minecraft:spruce_log":10,"minecraft:pumpkin":6,"minecraft:torch":1,"minecraft:clay":21,"minecraft:crafting_table":3,"minecraft:grass_block":5,"minecraft:coal_ore":55,"minecraft:dirt":17,"minecraft:spruce_leaves":3,"minecraft:stone":54,"minecraft:wall_torch":3,"minecraft:fern":1},"minecraft:crafted":{"minecraft:cooked_beef":1,"minecraft:stone_shovel":1,"minecraft:crafting_table":1,"minecraft:spruce_planks":24,"minecraft:stick":16,"minecraft:iron_ingot":8,"minecraft:wooden_pickaxe":1,"minecraft:stone_pickaxe":1,"minecraft:furnace":1,"minecraft:torch":32,"minecraft:stone_axe":1,"minecraft:air":0},"minecraft:picked_up":{"minecraft:raw_iron":13,"minecraft:crafting_table":3,"minecraft:cooked_beef":2,"minecraft:clay_ball":84,"minecraft:pumpkin":6,"minecraft:sweet_berries":15,"minecraft:leather":1,"minecraft:torch":5,"minecraft:porkchop":6,"minecraft:spruce_sapling":3,"tombstone:grave_dust":1,"minecraft:spruce_log":10,"minecraft:dirt":20,"minecraft:bone":1,"minecraft:arrow":3,"minecraft:rotten_flesh":1,"minecraft:beef":3,"minecraft:coal":56,"minecraft:cobblestone":54,"minecraft:furnace":1}},"DataVersion":3465}