{"stats":{"minecraft:used":{"cyclic:battery_infinite":1,"minecraft:iron_shovel":337,"minecraft:ladder":4,"minecraft:shield":66,"minecraft:chest":15,"cyclic:anvil":5,"minecraft:iron_sword":304,"minecraft:carrot":12,"minecraft:spruce_boat":1,"minecraft:mangrove_stairs":2,"minecraft:lantern":4,"minecraft:stone_bricks":1,"minecraft:golden_sword":96,"minecraft:red_carpet":29,"minecraft:hay_block":7,"minecraft:sweet_berries":3,"minecraft:furnace":2,"minecraft:potato":18,"minecraft:dark_oak_stairs":1,"travelersbackpack:cow":19,"minecraft:stone_pickaxe":163,"minecraft:dark_oak_sign":5,"minecraft:oak_planks":6,"minecraft:wooden_pickaxe":24,"minecraft:white_wool":2,"minecraft:golden_apple":6,"minecraft:golden_hoe":2,"minecraft:sand":9,"minecraft:blast_furnace":2,"minecraft:netherite_helmet":1,"minecraft:mushroom_stew":2,"minecraft:chiseled_quartz_block":5,"minecraft:redstone_torch":3,"minecraft:dark_oak_log":1,"minecraft:bread":205,"minecraft:cyan_bed":18,"tombstone:grave_key":27,"minecraft:soul_lantern":2,"minecraft:diamond_sword":233,"minecraft:coal_block":121,"minecraft:smithing_table":3,"minecraft:smooth_stone_slab":4,"minecraft:experience_bottle":1,"minecraft:netherite_sword":1598,"travelersbackpack:blaze":100,"minecraft:rose_bush":1,"minecraft:stone_sword":131,"minecraft:redstone":2,"minecraft:light_gray_carpet":3,"minecraft:spruce_planks":9,"farmersdelight:rich_soil":1,"minecraft:cooked_salmon":3,"minecraft:torch":41,"minecraft:netherrack":1,"minecraft:dirt":33,"minecraft:anvil":2,"minecraft:white_carpet":45,"minecraft:polished_diorite":4,"minecraft:purple_banner":1,"minecraft:shroomlight":2,"minecraft:birch_door":1,"minecraft:dark_oak_planks":8,"minecraft:iron_axe":370,"travelersbackpack:squid":82,"minecraft:smooth_quartz":1,"minecraft:raw_copper_block":1,"minecraft:light_gray_wool":2,"minecraft:golden_carrot":5,"tombstone:gift":9,"minecraft:netherite_pickaxe":349,"minecraft:acacia_wood":1,"minecraft:cooked_beef":1,"minecraft:enchanted_golden_apple":9,"minecraft:pointed_dripstone":1,"minecraft:cooked_mutton":2,"minecraft:water_bucket":11,"farmersdelight:skillet":10,"minecraft:birch_planks":35,"minecraft:bundle":4,"minecraft:glass_bottle":1,"minecraft:baked_potato":4,"minecraft:cracked_stone_bricks":2,"farmersdelight:onion":22,"tombstone:scroll_of_feather_fall":1,"minecraft:crafting_table":10,"minecraft:red_bed":2,"minecraft:white_bed":12,"minecraft:spruce_log":3,"tombstone:bag_of_seeds":4,"minecraft:flower_pot":1,"minecraft:dark_prismarine":13,"minecraft:black_wool":8,"minecraft:apple":7,"minecraft:iron_pickaxe":488,"tombstone:magic_scroll":3,"minecraft:spruce_sapling":4,"minecraft:stone_axe":233,"minecraft:fishing_rod":17,"minecraft:cobblestone":149,"minecraft:potion":8,"minecraft:white_banner":2,"minecraft:bucket":13,"minecraft:pumpkin_pie":44},"minecraft:killed":{"minecraft:cave_spider":9,"minecraft:witch":1,"minecraft:spider":8,"mowziesmobs:frostmaw":1,"minecraft:skeleton":139,"minecraft:piglin":9,"minecraft:zombie_villager":4,"minecraft:salmon":4,"minecraft:creeper":9,"minecraft:pillager":25,"minecraft:goat":1,"minecraft:zombie":83,"minecraft:stray":3,"minecraft:evoker":4,"minecraft:vex":3,"minecraft:endermite":2,"minecraft:vindicator":18,"minecraft:drowned":29,"minecraft:husk":66,"minecraft:rabbit":1,"minecraft:hoglin":3,"minecraft:squid":4,"minecraft:wither_skeleton":21,"minecraft:enderman":1},"minecraft:mined":{"minecraft:dark_oak_planks":6,"minecraft:spruce_planks":15,"minecraft:white_bed":10,"minecraft:cobblestone_stairs":1,"travelersbackpack:blaze":19,"minecraft:brewing_stand":3,"minecraft:granite":11,"minecraft:grass_block":22,"minecraft:coal_block":158,"minecraft:polished_diorite":4,"minecraft:hopper":4,"minecraft:spawner":29,"minecraft:smooth_stone":1,"minecraft:tall_seagrass":1,"minecraft:raw_iron_block":1,"minecraft:iron_ore":35,"minecraft:fire":2,"minecraft:anvil":1,"minecraft:dark_oak_stairs":2,"minecraft:pointed_dripstone":3,"minecraft:dirt_path":32,"minecraft:spruce_wood":9,"farmersdelight:rich_soil_farmland":1,"minecraft:spruce_slab":2,"minecraft:tripwire":4,"minecraft:red_bed":1,"minecraft:powder_snow":38,"minecraft:chiseled_quartz_block":7,"minecraft:torch":82,"minecraft:blast_furnace":8,"minecraft:calcite":9,"minecraft:chest":4,"minecraft:cobblestone":39,"minecraft:oak_planks":7,"minecraft:sugar_cane":1,"minecraft:cyan_bed":18,"minecraft:grindstone":2,"minecraft:wall_torch":33,"minecraft:seagrass":1,"minecraft:powered_rail":3,"minecraft:birch_log":5,"minecraft:lapis_block":1,"minecraft:smooth_stone_slab":3,"minecraft:birch_door":1,"minecraft:light_gray_wool":2,"minecraft:tnt":1,"minecraft:stone_brick_stairs":10,"minecraft:wither_rose":1,"minecraft:grass":7,"minecraft:dirt":91,"minecraft:smooth_quartz":1,"minecraft:sand":103,"minecraft:raw_copper_block":1,"minecraft:tripwire_hook":4,"minecraft:dispenser":3,"minecraft:netherrack":11,"minecraft:piston":2,"minecraft:oak_leaves":2,"minecraft:cyan_candle":1,"minecraft:emerald_block":2,"minecraft:redstone_lamp":4,"minecraft:dark_prismarine":47,"minecraft:red_carpet":2,"farmersdelight:onions":10,"minecraft:dark_oak_leaves":11,"minecraft:dark_oak_log":4,"minecraft:ladder":4,"minecraft:spruce_fence":6,"minecraft:redstone_wire":2,"minecraft:spruce_leaves":27,"minecraft:potted_bamboo":1,"minecraft:hay_block":96,"minecraft:black_stained_glass_pane":1,"minecraft:redstone_ore":28,"minecraft:furnace":2,"minecraft:raw_gold_block":1,"minecraft:acacia_wood":4,"minecraft:andesite":37,"minecraft:gold_block":4,"minecraft:bookshelf":141,"minecraft:potatoes":12,"minecraft:cobblestone_slab":1,"minecraft:shroomlight":2,"minecraft:vine":1,"minecraft:rail":88,"minecraft:packed_ice":2,"minecraft:stone":251,"minecraft:smithing_table":1,"minecraft:mangrove_stairs":2,"minecraft:redstone_block":1,"minecraft:observer":10,"cyclic:flower_purple_tulip":5,"minecraft:crafting_table":8,"minecraft:emerald_ore":5,"minecraft:rose_bush":1,"minecraft:lightning_rod":2,"minecraft:copper_ore":1,"minecraft:tall_grass":2,"minecraft:lapis_ore":2,"minecraft:diorite":27,"travelersbackpack:squid":6,"minecraft:birch_planks":15,"farmersdelight:skillet":2,"minecraft:redstone_torch":1,"minecraft:sweet_berry_bush":4,"minecraft:ice":22,"minecraft:white_carpet":9,"minecraft:spruce_log":27,"minecraft:birch_leaves":38,"minecraft:white_wall_banner":1,"minecraft:red_wall_banner":1,"minecraft:black_wool":8,"minecraft:coal_ore":67,"travelersbackpack:cow":1,"minecraft:gravel":107,"minecraft:cobweb":219,"minecraft:cracked_stone_bricks":3,"minecraft:acacia_planks":10,"minecraft:polished_andesite":16,"minecraft:stone_bricks":1,"minecraft:gold_ore":14},"minecraft:killed_by":{"minecraft:wither_skeleton":6,"minecraft:pillager":1,"minecraft:drowned":1,"minecraft:vindicator":4,"minecraft:piglin":1,"minecraft:zombie":3,"mowziesmobs:frostmaw":6,"minecraft:husk":3,"minecraft:enderman":1,"minecraft:hoglin":4,"minecraft:skeleton":23},"minecraft:crafted":{"tombstone:grave_key":7,"minecraft:chest":8,"minecraft:netherite_helmet":1,"minecraft:stone_hoe":5,"minecraft:emerald":9,"minecraft:arrow":64,"minecraft:crafting_table":1,"minecraft:spruce_planks":76,"minecraft:wooden_pickaxe":1,"travelersbackpack:blaze":6,"minecraft:gold_block":16,"minecraft:birch_planks":20,"cyclic:torch_launcher":2,"minecraft:iron_chestplate":2,"minecraft:emerald_block":3,"minecraft:shield":2,"minecraft:stick":56,"minecraft:iron_ingot":179,"minecraft:iron_pickaxe":1,"minecraft:iron_block":42,"minecraft:stone_sword":1,"minecraft:gold_ingot":51,"minecraft:raw_iron":9,"minecraft:coal":72,"minecraft:furnace":1,"minecraft:iron_axe":3,"minecraft:spruce_wood":3,"minecraft:stone_pickaxe":7,"minecraft:diamond_boots":2,"minecraft:spruce_boat":1,"minecraft:redstone_block":21,"minecraft:dark_oak_planks":56,"minecraft:wheat":171,"minecraft:coal_block":11,"minecraft:iron_sword":1,"minecraft:cooked_salmon":3,"minecraft:stone_axe":2,"minecraft:bread":68,"minecraft:air":0,"minecraft:raw_gold":9,"minecraft:iron_shovel":2,"minecraft:iron_leggings":2,"minecraft:white_bed":3,"minecraft:torch":20,"minecraft:lapis_lazuli":9},"minecraft:custom":{"minecraft:interact_with_crafting_table":17,"minecraft:open_barrel":187,"minecraft:bell_ring":1,"minecraft:eat_cake_slice":22,"minecraft:leave_game":23,"minecraft:time_since_death":129844,"minecraft:damage_resisted":2543,"minecraft:sprint_one_cm":1063571,"minecraft:damage_blocked_by_shield":1905,"minecraft:drop":113,"minecraft:talked_to_villager":18,"minecraft:play_time":1160227,"minecraft:deaths":60,"minecraft:jump":6850,"minecraft:walk_on_water_one_cm":237916,"minecraft:interact_with_furnace":77,"minecraft:traded_with_villager":23,"minecraft:interact_with_cartography_table":1,"minecraft:sleep_in_bed":45,"minecraft:damage_dealt":106716,"minecraft:crouch_one_cm":49350,"tombstone:undead_killed":345,"minecraft:interact_with_smoker":1,"minecraft:inspect_dispenser":8,"minecraft:horse_one_cm":2299581,"minecraft:interact_with_smithing_table":22,"minecraft:interact_with_anvil":8,"minecraft:mob_kills":465,"minecraft:damage_dealt_resisted":304,"minecraft:climb_one_cm":74106,"minecraft:walk_one_cm":3554834,"minecraft:sneak_time":30573,"minecraft:walk_under_water_one_cm":478938,"minecraft:boat_one_cm":23580,"minecraft:interact_with_blast_furnace":89,"minecraft:total_world_time":1160227,"tombstone:raider_killed":48,"minecraft:pot_flower":1,"minecraft:time_since_rest":5699,"minecraft:damage_taken":32001,"minecraft:damage_absorbed":1328,"tombstone:cast_on_ally":0,"minecraft:swim_one_cm":343132,"minecraft:fly_one_cm":1924585,"minecraft:open_chest":328,"minecraft:fish_caught":9,"minecraft:fall_one_cm":192077},"minecraft:broken":{"minecraft:golden_helmet":1,"minecraft:iron_shovel":1,"minecraft:iron_chestplate":1,"minecraft:iron_leggings":2,"minecraft:stone_pickaxe":1,"minecraft:golden_sword":2,"minecraft:stone_axe":2,"minecraft:iron_sword":2,"minecraft:golden_chestplate":1,"minecraft:netherite_helmet":1,"cyclic:torch_launcher":1,"minecraft:stone_sword":1,"minecraft:iron_axe":2,"minecraft:iron_pickaxe":1},"minecraft:dropped":{"minecraft:brown_mushroom":1,"minecraft:porkchop":5,"minecraft:glass_bottle":2,"minecraft:dark_oak_sapling":1,"mowziesmobs:ice_crystal":1,"minecraft:leather_helmet":2,"minecraft:emerald":1,"minecraft:redstone_lamp":4,"minecraft:netherite_scrap":3,"minecraft:mutton":7,"tombstone:scroll_of_true_sight":1,"minecraft:netherite_boots":1,"minecraft:gold_nugget":20,"minecraft:amethyst_shard":12,"minecraft:glistering_melon_slice":7,"minecraft:iron_pickaxe":1,"minecraft:dark_oak_planks":5,"minecraft:bone":39,"minecraft:netherite_sword":5,"minecraft:obsidian":3,"minecraft:rotten_flesh":66,"minecraft:white_bed":2,"minecraft:warped_planks":1,"minecraft:carrot":23,"minecraft:gunpowder":5,"minecraft:leather_boots":3,"minecraft:chest":1,"minecraft:spruce_wood":18,"minecraft:arrow":23,"minecraft:stone_brick_stairs":2,"minecraft:quartz":10,"minecraft:netherrack":8,"minecraft:egg":1,"minecraft:golden_boots":1,"minecraft:bread":107,"minecraft:golden_helmet":1,"farmersdelight:skillet":1,"minecraft:golden_horse_armor":1,"minecraft:netherite_helmet":1,"minecraft:book":9,"minecraft:activator_rail":21,"minecraft:copper_ingot":1,"minecraft:coal":1,"minecraft:golden_apple":11,"minecraft:crimson_stairs":1,"tombstone:magic_scroll":1,"minecraft:ink_sac":11,"tombstone:grave_key":1,"travelersbackpack:blaze":2,"tombstone:grave_dust":2,"minecraft:potion":1,"minecraft:iron_axe":2,"minecraft:tripwire_hook":2,"minecraft:bucket":4,"minecraft:acacia_planks":5,"minecraft:bowl":2,"minecraft:name_tag":1,"cyclic:torch_launcher":1,"minecraft:suspicious_stew":1,"minecraft:blast_furnace":2,"minecraft:shroomlight":1,"minecraft:spruce_planks":4,"minecraft:bundle":1,"minecraft:stone_pressure_plate":1,"tombstone:essence_of_undeath":1,"minecraft:slime_ball":28},"minecraft:picked_up":{"minecraft:birch_door":1,"minecraft:iron_chestplate":4,"minecraft:wheat":17,"minecraft:redstone_block":1,"minecraft:flower_pot":1,"minecraft:anvil":1,"minecraft:suspicious_stew":1,"minecraft:smithing_table":1,"minecraft:lead":1,"minecraft:potion":2,"minecraft:wither_rose":1,"minecraft:enchanted_book":1,"minecraft:stone_brick_stairs":11,"minecraft:brewing_stand":2,"minecraft:golden_sword":2,"minecraft:lapis_block":1,"minecraft:string":237,"minecraft:dark_oak_trapdoor":3,"minecraft:raw_copper":5,"minecraft:smooth_stone_slab":5,"minecraft:iron_leggings":1,"minecraft:purple_banner":2,"minecraft:experience_bottle":13,"minecraft:shroomlight":3,"minecraft:activator_rail":21,"travelersbackpack:blaze":21,"minecraft:gold_nugget":20,"minecraft:smooth_stone":1,"minecraft:bucket":4,"minecraft:spruce_planks":24,"minecraft:rose_bush":1,"minecraft:redstone_torch":2,"minecraft:cobblestone_slab":1,"minecraft:calcite":17,"minecraft:smooth_quartz":1,"minecraft:iron_pickaxe":6,"minecraft:enchanted_golden_apple":3,"minecraft:coal_block":153,"minecraft:smooth_quartz_stairs":1,"minecraft:iron_boots":4,"minecraft:furnace":2,"minecraft:tipped_arrow":2,"minecraft:stick":5,"cyclic:torch_launcher":1,"minecraft:oak_fence":3,"minecraft:torch":171,"minecraft:porkchop":5,"minecraft:lightning_rod":2,"minecraft:pointed_dripstone":4,"tombstone:grave_dust":54,"minecraft:diorite":26,"minecraft:warped_planks":2,"minecraft:golden_chestplate":2,"minecraft:mangrove_stairs":2,"minecraft:rotten_flesh":288,"farmersdelight:onion":39,"minecraft:obsidian":3,"minecraft:iron_bars":1,"minecraft:cod":6,"minecraft:cobblestone":289,"minecraft:birch_log":5,"minecraft:cooked_beef":1,"minecraft:andesite":37,"minecraft:golden_leggings":1,"minecraft:chiseled_quartz_block":7,"minecraft:potato":41,"minecraft:flint":14,"travelersbackpack:gold_tier_upgrade":1,"minecraft:lapis_lazuli":9,"minecraft:dirt":151,"minecraft:lantern":4,"minecraft:name_tag":1,"minecraft:leather_boots":3,"minecraft:bone":260,"minecraft:acacia_planks":13,"minecraft:bow":6,"minecraft:wheat_seeds":1,"minecraft:raw_gold":12,"minecraft:grindstone":2,"minecraft:dark_oak_sign":5,"minecraft:cyan_candle":4,"minecraft:diamond_helmet":1,"minecraft:bamboo":1,"minecraft:powered_rail":3,"minecraft:moss_block":3,"minecraft:oak_planks":7,"travelersbackpack:squid":6,"tombstone:scroll_of_feather_fall":2,"minecraft:sand":99,"minecraft:ink_sac":22,"minecraft:cyan_bed":18,"minecraft:dark_oak_log":25,"minecraft:dark_prismarine":49,"minecraft:bundle":9,"minecraft:polished_andesite":13,"minecraft:dispenser":3,"minecraft:diamond":17,"minecraft:spruce_boat":1,"minecraft:netherite_helmet":3,"minecraft:soul_lantern":2,"minecraft:granite":11,"minecraft:golden_apple":21,"minecraft:emerald":33,"minecraft:golden_horse_armor":1,"minecraft:bread":57,"minecraft:light_gray_carpet":3,"minecraft:netherrack":9,"minecraft:diamond_pickaxe":5,"minecraft:cocoa_beans":1,"minecraft:crafting_table":8,"minecraft:splash_potion":10,"minecraft:ladder":6,"minecraft:leather_leggings":5,"minecraft:redstone_lamp":12,"minecraft:brown_mushroom":1,"minecraft:wooden_pickaxe":1,"minecraft:gold_block":4,"minecraft:red_bed":1,"minecraft:iron_axe":4,"minecraft:netherite_scrap":5,"minecraft:item_frame":5,"minecraft:white_carpet":53,"minecraft:iron_shovel":1,"minecraft:cyan_carpet":15,"minecraft:cracked_stone_bricks":3,"minecraft:netherite_sword":7,"minecraft:player_head":1,"minecraft:observer":10,"minecraft:iron_nugget":18,"minecraft:spruce_slab":3,"minecraft:light_gray_wool":2,"minecraft:sugar_cane":15,"minecraft:chest":5,"minecraft:birch_sapling":1,"minecraft:piston":1,"minecraft:diamond_hoe":1,"minecraft:raw_copper_block":1,"minecraft:egg":1,"minecraft:dark_oak_sapling":1,"minecraft:raw_iron":36,"minecraft:raw_gold_block":1,"minecraft:copper_ingot":4,"minecraft:spruce_fence":6,"minecraft:fire_charge":1,"minecraft:white_dye":2,"farmersdelight:tomato_seeds":3,"minecraft:stone_button":1,"minecraft:redstone":131,"minecraft:netherite_pickaxe":1,"minecraft:stone_pressure_plate":2,"minecraft:dark_oak_planks":32,"minecraft:tnt":1,"minecraft:arrow":251,"minecraft:diamond_chestplate":4,"minecraft:pumpkin_pie":5,"minecraft:diamond_boots":6,"minecraft:hay_block":90,"mowziesmobs:ice_crystal":1,"tombstone:essence_of_undeath":6,"minecraft:glistering_melon_slice":7,"minecraft:gold_ingot":10,"minecraft:totem_of_undying":5,"minecraft:white_wool":2,"minecraft:rail":88,"minecraft:netherite_boots":1,"farmersdelight:rich_soil":1,"minecraft:glow_ink_sac":5,"minecraft:tripwire_hook":2,"minecraft:salmon":6,"minecraft:red_mushroom":2,"minecraft:acacia_wood":4,"minecraft:birch_planks":21,"minecraft:golden_boots":1,"minecraft:gunpowder":22,"farmersdelight:skillet":3,"minecraft:white_banner":3,"minecraft:cooked_mutton":2,"minecraft:red_carpet":29,"minecraft:apple":21,"travelersbackpack:cow":2,"minecraft:stone_bricks":1,"cyclic:flower_purple_tulip":5,"minecraft:spruce_wood":27,"minecraft:iron_ingot":10,"tombstone:bag_of_seeds":4,"minecraft:iron_sword":1,"minecraft:dark_oak_stairs":6,"minecraft:book":457,"minecraft:dark_oak_slab":2,"minecraft:emerald_block":2,"minecraft:sweet_berries":5,"minecraft:quartz":10,"minecraft:raw_iron_block":1,"minecraft:gravel":83,"minecraft:crimson_stairs":1,"minecraft:amethyst_shard":12,"minecraft:spruce_sapling":4,"minecraft:red_banner":1,"minecraft:blast_furnace":10,"minecraft:white_bed":11,"minecraft:spruce_log":27,"minecraft:spider_eye":6,"minecraft:leather_helmet":5,"tombstone:scroll_of_true_sight":1,"minecraft:pumpkin_seeds":2,"minecraft:slime_ball":28,"minecraft:polished_diorite":4,"minecraft:chainmail_leggings":2,"tombstone:magic_scroll":6,"minecraft:black_wool":8,"minecraft:coal":128,"minecraft:hopper":4,"minecraft:ender_pearl":1}},"DataVersion":3465}