{"stats":{"minecraft:crafted":{"tombstone:grave_key":3,"minecraft:crafting_table":1,"minecraft:spruce_planks":40,"minecraft:wooden_pickaxe":1,"travelersbackpack:blaze":6,"cyclic:torch_launcher":1,"minecraft:shield":1,"minecraft:stick":24,"minecraft:iron_ingot":30,"minecraft:iron_pickaxe":1,"minecraft:stone_sword":1,"minecraft:gold_ingot":1,"minecraft:furnace":1,"minecraft:iron_axe":3,"minecraft:spruce_wood":3,"minecraft:stone_pickaxe":2,"minecraft:spruce_boat":1,"minecraft:wheat":108,"minecraft:iron_sword":1,"minecraft:cooked_salmon":3,"minecraft:stone_axe":2,"minecraft:bread":53,"minecraft:air":0,"minecraft:white_bed":3,"minecraft:torch":20},"minecraft:dropped":{"mowziesmobs:ice_crystal":1,"minecraft:netherite_boots":1,"minecraft:iron_pickaxe":1,"minecraft:dark_oak_planks":1,"minecraft:netherite_sword":2,"minecraft:rotten_flesh":7,"minecraft:white_bed":2,"minecraft:carrot":23,"minecraft:leather_boots":3,"minecraft:netherrack":8,"minecraft:egg":1,"minecraft:golden_boots":1,"minecraft:bread":52,"minecraft:golden_helmet":1,"minecraft:golden_horse_armor":1,"minecraft:coal":1,"travelersbackpack:blaze":2,"minecraft:iron_axe":1,"minecraft:bowl":2,"minecraft:suspicious_stew":1,"minecraft:shroomlight":1,"minecraft:stone_pressure_plate":1},"minecraft:custom":{"minecraft:interact_with_crafting_table":15,"minecraft:open_barrel":62,"minecraft:bell_ring":1,"minecraft:eat_cake_slice":10,"minecraft:leave_game":7,"minecraft:time_since_death":67819,"minecraft:damage_resisted":449,"minecraft:sprint_one_cm":555966,"minecraft:damage_blocked_by_shield":290,"minecraft:drop":49,"minecraft:talked_to_villager":6,"minecraft:play_time":497212,"minecraft:deaths":40,"minecraft:jump":3715,"minecraft:walk_on_water_one_cm":132159,"minecraft:interact_with_furnace":44,"minecraft:sleep_in_bed":16,"minecraft:damage_dealt":35040,"minecraft:crouch_one_cm":21211,"tombstone:undead_killed":76,"minecraft:interact_with_smoker":1,"minecraft:inspect_dispenser":1,"minecraft:interact_with_smithing_table":9,"minecraft:mob_kills":110,"minecraft:climb_one_cm":11873,"minecraft:walk_one_cm":1516221,"minecraft:sneak_time":14774,"minecraft:walk_under_water_one_cm":136012,"minecraft:boat_one_cm":23580,"minecraft:interact_with_blast_furnace":25,"minecraft:total_world_time":497212,"tombstone:raider_killed":9,"minecraft:pot_flower":1,"minecraft:time_since_rest":31814,"minecraft:damage_absorbed":957,"minecraft:damage_taken":16484,"tombstone:cast_on_ally":0,"minecraft:swim_one_cm":186015,"minecraft:fly_one_cm":830741,"minecraft:open_chest":110,"minecraft:fish_caught":9,"minecraft:fall_one_cm":114560},"minecraft:killed":{"minecraft:cave_spider":3,"minecraft:witch":1,"minecraft:spider":1,"mowziesmobs:frostmaw":1,"minecraft:skeleton":19,"minecraft:zombie_villager":2,"minecraft:salmon":4,"minecraft:creeper":2,"minecraft:pillager":8,"minecraft:goat":1,"minecraft:zombie":17,"minecraft:stray":3,"minecraft:husk":14,"minecraft:rabbit":1,"minecraft:hoglin":3,"minecraft:squid":4,"minecraft:wither_skeleton":21},"minecraft:mined":{"minecraft:spruce_planks":5,"minecraft:white_bed":10,"travelersbackpack:blaze":8,"minecraft:brewing_stand":2,"minecraft:granite":11,"minecraft:coal_block":2,"minecraft:polished_diorite":4,"minecraft:spawner":8,"minecraft:smooth_stone":1,"minecraft:iron_ore":34,"minecraft:fire":2,"minecraft:dark_oak_stairs":2,"minecraft:dirt_path":5,"minecraft:spruce_wood":9,"farmersdelight:rich_soil_farmland":1,"minecraft:red_bed":1,"minecraft:powder_snow":38,"minecraft:torch":6,"minecraft:blast_furnace":4,"minecraft:calcite":3,"minecraft:chest":4,"minecraft:cobblestone":31,"minecraft:sugar_cane":1,"minecraft:oak_planks":1,"minecraft:wall_torch":11,"minecraft:powered_rail":1,"minecraft:birch_door":1,"minecraft:stone_brick_stairs":1,"minecraft:smooth_stone_slab":3,"minecraft:grass":2,"minecraft:sand":26,"minecraft:dirt":16,"minecraft:dispenser":1,"minecraft:netherrack":11,"minecraft:piston":1,"minecraft:oak_leaves":2,"minecraft:cyan_candle":1,"minecraft:emerald_block":1,"minecraft:redstone_lamp":2,"minecraft:dark_prismarine":45,"farmersdelight:onions":10,"minecraft:ladder":1,"minecraft:spruce_fence":6,"minecraft:redstone_wire":2,"minecraft:spruce_leaves":27,"minecraft:potted_bamboo":1,"minecraft:hay_block":66,"minecraft:redstone_ore":28,"minecraft:furnace":2,"minecraft:acacia_wood":4,"minecraft:andesite":37,"minecraft:gold_block":2,"minecraft:bookshelf":83,"minecraft:potatoes":12,"minecraft:shroomlight":2,"minecraft:rail":70,"minecraft:packed_ice":2,"minecraft:stone":243,"minecraft:observer":3,"minecraft:crafting_table":8,"minecraft:emerald_ore":4,"minecraft:lightning_rod":2,"minecraft:copper_ore":1,"minecraft:diorite":16,"minecraft:redstone_torch":1,"minecraft:ice":22,"minecraft:white_carpet":7,"minecraft:spruce_log":27,"minecraft:red_wall_banner":1,"minecraft:coal_ore":67,"minecraft:cobweb":182,"minecraft:cracked_stone_bricks":1,"minecraft:acacia_planks":10,"minecraft:polished_andesite":14,"minecraft:gold_ore":14},"minecraft:killed_by":{"minecraft:wither_skeleton":6,"minecraft:pillager":1,"mowziesmobs:frostmaw":6,"minecraft:husk":3,"minecraft:hoglin":4,"minecraft:skeleton":16},"minecraft:used":{"minecraft:ladder":1,"minecraft:chest":7,"minecraft:shield":16,"minecraft:iron_sword":283,"minecraft:carrot":8,"minecraft:spruce_boat":1,"minecraft:golden_sword":96,"minecraft:furnace":2,"minecraft:potato":18,"minecraft:dark_oak_stairs":1,"minecraft:dark_oak_sign":4,"minecraft:stone_pickaxe":162,"minecraft:wooden_pickaxe":24,"minecraft:golden_hoe":2,"minecraft:sand":9,"minecraft:mushroom_stew":2,"minecraft:redstone_torch":2,"minecraft:bread":57,"tombstone:grave_key":19,"minecraft:diamond_sword":23,"minecraft:smithing_table":1,"minecraft:smooth_stone_slab":4,"travelersbackpack:blaze":35,"minecraft:netherite_sword":21,"minecraft:stone_sword":131,"minecraft:redstone":2,"minecraft:light_gray_carpet":3,"minecraft:spruce_planks":1,"farmersdelight:rich_soil":1,"minecraft:cooked_salmon":3,"minecraft:netherrack":1,"minecraft:torch":41,"minecraft:dirt":9,"minecraft:white_carpet":28,"minecraft:polished_diorite":4,"minecraft:shroomlight":2,"minecraft:birch_door":1,"minecraft:dark_oak_planks":4,"minecraft:iron_axe":242,"travelersbackpack:squid":2,"minecraft:golden_carrot":5,"minecraft:netherite_pickaxe":44,"tombstone:gift":7,"minecraft:acacia_wood":1,"minecraft:cooked_beef":1,"minecraft:enchanted_golden_apple":8,"minecraft:cooked_mutton":2,"farmersdelight:onion":22,"tombstone:scroll_of_feather_fall":1,"minecraft:crafting_table":10,"minecraft:red_bed":2,"minecraft:white_bed":12,"minecraft:spruce_log":3,"minecraft:dark_prismarine":13,"minecraft:flower_pot":1,"minecraft:iron_pickaxe":487,"tombstone:magic_scroll":1,"minecraft:spruce_sapling":4,"minecraft:stone_axe":233,"minecraft:fishing_rod":17,"minecraft:cobblestone":145,"minecraft:potion":1,"minecraft:white_banner":1,"minecraft:pumpkin_pie":5},"minecraft:picked_up":{"minecraft:birch_door":1,"minecraft:wheat":12,"minecraft:flower_pot":1,"minecraft:suspicious_stew":1,"minecraft:enchanted_book":1,"minecraft:stone_brick_stairs":1,"minecraft:brewing_stand":1,"minecraft:golden_sword":2,"minecraft:string":184,"minecraft:dark_oak_trapdoor":3,"minecraft:raw_copper":5,"minecraft:smooth_stone_slab":5,"minecraft:experience_bottle":12,"minecraft:shroomlight":3,"travelersbackpack:blaze":10,"minecraft:smooth_stone":1,"minecraft:spruce_planks":7,"minecraft:redstone_torch":2,"minecraft:calcite":11,"minecraft:iron_pickaxe":1,"minecraft:enchanted_golden_apple":1,"minecraft:coal_block":2,"minecraft:smooth_quartz_stairs":1,"minecraft:furnace":2,"minecraft:tipped_arrow":2,"minecraft:stick":5,"minecraft:torch":24,"minecraft:porkchop":5,"minecraft:lightning_rod":2,"tombstone:grave_dust":11,"minecraft:diorite":15,"minecraft:golden_chestplate":2,"minecraft:rotten_flesh":38,"farmersdelight:onion":39,"minecraft:iron_bars":1,"minecraft:cod":6,"minecraft:cobblestone":275,"minecraft:cooked_beef":1,"minecraft:andesite":37,"minecraft:golden_leggings":1,"minecraft:potato":41,"minecraft:dirt":37,"minecraft:leather_boots":3,"minecraft:bone":47,"minecraft:acacia_planks":8,"minecraft:raw_gold":12,"minecraft:dark_oak_sign":4,"minecraft:bamboo":1,"minecraft:cyan_candle":4,"minecraft:powered_rail":1,"minecraft:moss_block":3,"minecraft:oak_planks":1,"tombstone:scroll_of_feather_fall":1,"minecraft:sand":25,"minecraft:ink_sac":11,"minecraft:dark_prismarine":47,"minecraft:bundle":2,"minecraft:polished_andesite":13,"minecraft:dispenser":1,"minecraft:diamond":16,"minecraft:spruce_boat":1,"minecraft:netherite_helmet":1,"minecraft:granite":11,"minecraft:golden_apple":4,"minecraft:bread":2,"minecraft:golden_horse_armor":1,"minecraft:emerald":15,"minecraft:netherrack":9,"minecraft:light_gray_carpet":3,"minecraft:crafting_table":8,"minecraft:splash_potion":1,"minecraft:ladder":1,"minecraft:redstone_lamp":2,"minecraft:leather_leggings":1,"minecraft:wooden_pickaxe":1,"minecraft:gold_block":2,"minecraft:red_bed":1,"minecraft:netherite_scrap":2,"minecraft:white_carpet":36,"minecraft:item_frame":5,"minecraft:cyan_carpet":15,"minecraft:cracked_stone_bricks":1,"minecraft:netherite_sword":3,"minecraft:player_head":1,"minecraft:observer":3,"minecraft:iron_nugget":18,"minecraft:spruce_slab":1,"minecraft:sugar_cane":15,"minecraft:chest":4,"minecraft:egg":1,"minecraft:raw_iron":34,"minecraft:spruce_fence":6,"minecraft:fire_charge":1,"farmersdelight:tomato_seeds":3,"minecraft:stone_button":1,"minecraft:redstone":127,"minecraft:netherite_pickaxe":1,"minecraft:stone_pressure_plate":2,"minecraft:dark_oak_planks":14,"minecraft:arrow":26,"minecraft:pumpkin_pie":4,"minecraft:hay_block":65,"mowziesmobs:ice_crystal":1,"minecraft:gold_ingot":3,"minecraft:rail":70,"minecraft:netherite_boots":1,"farmersdelight:rich_soil":1,"minecraft:salmon":6,"minecraft:acacia_wood":4,"minecraft:golden_boots":1,"minecraft:gunpowder":10,"minecraft:white_banner":2,"minecraft:cooked_mutton":2,"minecraft:apple":16,"minecraft:spruce_wood":9,"minecraft:iron_ingot":6,"minecraft:iron_sword":1,"minecraft:dark_oak_stairs":6,"minecraft:book":251,"minecraft:dark_oak_slab":2,"minecraft:emerald_block":1,"minecraft:red_banner":1,"minecraft:spruce_sapling":4,"minecraft:blast_furnace":4,"minecraft:white_bed":11,"minecraft:spruce_log":27,"minecraft:spider_eye":3,"minecraft:polished_diorite":4,"tombstone:magic_scroll":1,"minecraft:coal":81},"minecraft:broken":{"minecraft:golden_helmet":1,"minecraft:iron_chestplate":1,"minecraft:iron_leggings":1,"minecraft:stone_pickaxe":1,"minecraft:golden_sword":2,"minecraft:stone_axe":2,"minecraft:iron_sword":2,"minecraft:stone_sword":1,"minecraft:iron_axe":1,"minecraft:iron_pickaxe":1}},"DataVersion":3465}