{"stats":{"minecraft:mined":{"minecraft:iron_ore":10,"minecraft:spruce_log":9,"minecraft:andesite":6,"minecraft:crafting_table":2,"minecraft:torch":1,"minecraft:coal_ore":50,"minecraft:chest":1,"minecraft:copper_ore":1,"minecraft:spruce_leaves":6,"minecraft:stone":38,"minecraft:netherrack":11,"minecraft:wall_torch":2},"minecraft:picked_up":{"minecraft:raw_iron":10,"minecraft:stick":2,"minecraft:crafting_table":2,"minecraft:andesite":6,"minecraft:golden_leggings":1,"minecraft:torch":3,"tombstone:scroll_of_feather_fall":1,"minecraft:fire_charge":1,"minecraft:spruce_sapling":3,"minecraft:golden_sword":1,"minecraft:spruce_log":9,"minecraft:raw_copper":5,"minecraft:arrow":2,"minecraft:bone":1,"minecraft:iron_nugget":18,"minecraft:netherrack":9,"minecraft:chest":1,"minecraft:coal":50,"minecraft:cobblestone":43},"minecraft:custom":{"minecraft:time_since_rest":65,"minecraft:sprint_one_cm":11984,"minecraft:damage_taken":255,"minecraft:walk_one_cm":43946,"minecraft:mob_kills":1,"minecraft:damage_dealt":236,"minecraft:interact_with_crafting_table":2,"minecraft:fly_one_cm":15790,"minecraft:open_chest":1,"minecraft:crouch_one_cm":1309,"minecraft:play_time":18805,"minecraft:deaths":1,"minecraft:sneak_time":707,"minecraft:jump":256,"minecraft:leave_game":1,"minecraft:time_since_death":789,"minecraft:total_world_time":18805,"minecraft:fall_one_cm":2322},"minecraft:crafted":{"minecraft:crafting_table":1,"minecraft:spruce_planks":28,"minecraft:stick":8,"minecraft:wooden_pickaxe":1,"minecraft:stone_pickaxe":1,"minecraft:torch":4,"minecraft:stone_axe":1},"minecraft:used":{"minecraft:stone_pickaxe":100,"minecraft:wooden_pickaxe":19,"minecraft:spruce_sapling":3,"minecraft:stone_axe":3,"minecraft:torch":3,"minecraft:cobblestone":27,"minecraft:crafting_table":2,"minecraft:spruce_log":2}},"DataVersion":3465}