{"stats":{"minecraft:mined":{"minecraft:white_bed":2,"minecraft:powder_snow":38,"minecraft:brewing_stand":1,"minecraft:crafting_table":7,"minecraft:torch":3,"minecraft:chest":2,"minecraft:copper_ore":1,"minecraft:spruce_leaves":12,"minecraft:sugar_cane":1,"minecraft:wall_torch":7,"minecraft:hay_block":4,"minecraft:furnace":2,"minecraft:iron_ore":16,"minecraft:ice":21,"minecraft:spruce_log":9,"minecraft:andesite":6,"minecraft:dark_oak_stairs":1,"minecraft:grass":1,"minecraft:coal_ore":63,"minecraft:stone":60,"minecraft:netherrack":11},"minecraft:picked_up":{"minecraft:crafting_table":7,"minecraft:wheat":12,"minecraft:splash_potion":1,"minecraft:salmon":3,"minecraft:suspicious_stew":1,"minecraft:andesite":6,"minecraft:leather_leggings":1,"minecraft:golden_leggings":1,"minecraft:golden_sword":1,"minecraft:gunpowder":1,"minecraft:white_banner":1,"minecraft:raw_copper":5,"minecraft:leather_boots":3,"minecraft:bone":4,"minecraft:iron_ingot":1,"minecraft:iron_nugget":18,"minecraft:moss_block":3,"minecraft:sugar_cane":15,"minecraft:chest":2,"minecraft:dark_oak_stairs":1,"minecraft:furnace":2,"minecraft:tipped_arrow":1,"minecraft:stick":2,"minecraft:raw_iron":16,"minecraft:torch":11,"tombstone:scroll_of_feather_fall":1,"minecraft:fire_charge":1,"farmersdelight:tomato_seeds":3,"minecraft:spruce_sapling":3,"minecraft:ink_sac":9,"minecraft:white_bed":3,"minecraft:spruce_log":9,"minecraft:arrow":4,"minecraft:rotten_flesh":2,"minecraft:hay_block":3,"mowziesmobs:ice_crystal":1,"minecraft:netherrack":9,"minecraft:iron_bars":1,"minecraft:coal":70,"minecraft:cobblestone":67},"minecraft:killed_by":{"minecraft:pillager":1,"mowziesmobs:frostmaw":6},"minecraft:dropped":{"minecraft:bread":6,"minecraft:white_bed":2,"minecraft:leather_boots":3,"minecraft:iron_axe":1},"minecraft:custom":{"minecraft:interact_with_furnace":11,"minecraft:mob_kills":22,"tombstone:raider_killed":8,"minecraft:interact_with_crafting_table":11,"minecraft:leave_game":1,"minecraft:time_since_death":14948,"minecraft:sleep_in_bed":3,"minecraft:climb_one_cm":2827,"minecraft:time_since_rest":9131,"minecraft:sprint_one_cm":133460,"minecraft:damage_taken":3230,"minecraft:walk_one_cm":309168,"minecraft:drop":12,"minecraft:damage_dealt":8196,"tombstone:cast_on_ally":0,"minecraft:talked_to_villager":1,"minecraft:swim_one_cm":47971,"minecraft:fly_one_cm":327271,"minecraft:open_chest":4,"minecraft:crouch_one_cm":1784,"minecraft:play_time":90805,"tombstone:undead_killed":3,"minecraft:deaths":10,"minecraft:sneak_time":1126,"minecraft:walk_under_water_one_cm":42091,"minecraft:jump":1245,"minecraft:walk_on_water_one_cm":21180,"minecraft:total_world_time":90805,"minecraft:fall_one_cm":38597},"minecraft:killed":{"minecraft:salmon":4,"mowziesmobs:frostmaw":1,"minecraft:creeper":1,"minecraft:squid":3,"minecraft:pillager":8,"minecraft:goat":1,"minecraft:zombie":2,"minecraft:stray":1},"minecraft:crafted":{"minecraft:crafting_table":1,"minecraft:spruce_planks":28,"minecraft:wooden_pickaxe":1,"minecraft:furnace":1,"minecraft:cooked_salmon":3,"minecraft:stone_axe":1,"minecraft:bread":13,"minecraft:air":0,"minecraft:iron_axe":1,"minecraft:stick":12,"minecraft:stone_pickaxe":2,"minecraft:iron_ingot":6,"minecraft:iron_pickaxe":1,"minecraft:white_bed":2,"minecraft:torch":8,"minecraft:wheat":27},"minecraft:broken":{"minecraft:stone_pickaxe":1,"minecraft:stone_axe":1},"minecraft:used":{"minecraft:stone_pickaxe":161,"minecraft:wooden_pickaxe":19,"minecraft:cooked_salmon":2,"minecraft:netherrack":1,"minecraft:torch":10,"tombstone:scroll_of_feather_fall":1,"minecraft:crafting_table":7,"minecraft:red_bed":1,"minecraft:white_bed":2,"minecraft:spruce_log":2,"minecraft:iron_axe":1,"minecraft:bread":7,"minecraft:iron_pickaxe":5,"tombstone:grave_key":1,"minecraft:spruce_sapling":3,"minecraft:stone_axe":125,"minecraft:golden_sword":26,"minecraft:cobblestone":27,"minecraft:furnace":2,"tombstone:gift":4}},"DataVersion":3465}