{"stats":{"minecraft:crafted":{"tombstone:grave_key":6,"minecraft:chest":3,"minecraft:netherite_helmet":1,"minecraft:stone_hoe":5,"minecraft:emerald":9,"minecraft:arrow":64,"minecraft:crafting_table":1,"minecraft:spruce_planks":76,"minecraft:wooden_pickaxe":1,"travelersbackpack:blaze":6,"minecraft:gold_block":5,"cyclic:torch_launcher":2,"minecraft:iron_chestplate":1,"minecraft:emerald_block":2,"minecraft:shield":1,"minecraft:stick":56,"minecraft:iron_ingot":39,"minecraft:iron_pickaxe":1,"minecraft:iron_block":11,"minecraft:stone_sword":1,"minecraft:gold_ingot":23,"minecraft:raw_iron":9,"minecraft:coal":63,"minecraft:furnace":1,"minecraft:iron_axe":3,"minecraft:spruce_wood":3,"minecraft:stone_pickaxe":7,"minecraft:diamond_boots":2,"minecraft:spruce_boat":1,"minecraft:redstone_block":13,"minecraft:wheat":153,"minecraft:coal_block":7,"minecraft:iron_sword":1,"minecraft:cooked_salmon":3,"minecraft:stone_axe":2,"minecraft:bread":68,"minecraft:air":0,"minecraft:raw_gold":9,"minecraft:iron_shovel":2,"minecraft:iron_leggings":1,"minecraft:white_bed":3,"minecraft:torch":20,"minecraft:lapis_lazuli":9},"minecraft:dropped":{"minecraft:glass_bottle":1,"minecraft:dark_oak_sapling":1,"mowziesmobs:ice_crystal":1,"minecraft:emerald":1,"minecraft:netherite_scrap":3,"minecraft:netherite_boots":1,"minecraft:gold_nugget":20,"minecraft:glistering_melon_slice":7,"minecraft:iron_pickaxe":1,"minecraft:dark_oak_planks":1,"minecraft:bone":1,"minecraft:netherite_sword":3,"minecraft:obsidian":3,"minecraft:rotten_flesh":22,"minecraft:white_bed":2,"minecraft:warped_planks":1,"minecraft:carrot":23,"minecraft:gunpowder":5,"minecraft:leather_boots":3,"minecraft:chest":1,"minecraft:stone_brick_stairs":2,"minecraft:netherrack":8,"minecraft:egg":1,"minecraft:bread":53,"minecraft:golden_boots":1,"minecraft:golden_helmet":1,"minecraft:golden_horse_armor":1,"minecraft:netherite_helmet":1,"minecraft:coal":1,"minecraft:crimson_stairs":1,"minecraft:ink_sac":11,"travelersbackpack:blaze":2,"minecraft:iron_axe":2,"minecraft:tripwire_hook":2,"minecraft:acacia_planks":5,"minecraft:bowl":2,"minecraft:suspicious_stew":1,"minecraft:blast_furnace":2,"minecraft:shroomlight":1,"minecraft:spruce_planks":4,"minecraft:stone_pressure_plate":1},"minecraft:custom":{"minecraft:interact_with_crafting_table":15,"minecraft:open_barrel":116,"minecraft:bell_ring":1,"minecraft:eat_cake_slice":22,"minecraft:leave_game":13,"minecraft:time_since_death":15579,"minecraft:damage_resisted":561,"minecraft:sprint_one_cm":1010506,"minecraft:damage_blocked_by_shield":1455,"minecraft:drop":76,"minecraft:talked_to_villager":18,"minecraft:play_time":884857,"minecraft:deaths":52,"minecraft:jump":6006,"minecraft:walk_on_water_one_cm":171507,"minecraft:interact_with_furnace":77,"minecraft:traded_with_villager":23,"minecraft:interact_with_cartography_table":1,"minecraft:sleep_in_bed":32,"minecraft:damage_dealt":83299,"minecraft:crouch_one_cm":30072,"tombstone:undead_killed":235,"minecraft:interact_with_smoker":1,"minecraft:inspect_dispenser":5,"minecraft:horse_one_cm":1104381,"minecraft:interact_with_smithing_table":22,"minecraft:interact_with_anvil":7,"minecraft:mob_kills":326,"minecraft:damage_dealt_resisted":304,"minecraft:climb_one_cm":64248,"minecraft:walk_one_cm":3173421,"minecraft:sneak_time":19509,"minecraft:walk_under_water_one_cm":228121,"minecraft:boat_one_cm":23580,"minecraft:interact_with_blast_furnace":63,"minecraft:total_world_time":884857,"tombstone:raider_killed":29,"minecraft:pot_flower":1,"minecraft:time_since_rest":15237,"minecraft:damage_taken":26475,"minecraft:damage_absorbed":1212,"tombstone:cast_on_ally":0,"minecraft:swim_one_cm":236136,"minecraft:fly_one_cm":1530062,"minecraft:open_chest":224,"minecraft:fish_caught":9,"minecraft:fall_one_cm":150216},"minecraft:killed":{"minecraft:cave_spider":9,"minecraft:witch":1,"minecraft:spider":7,"mowziesmobs:frostmaw":1,"minecraft:skeleton":95,"minecraft:piglin":9,"minecraft:zombie_villager":4,"minecraft:salmon":4,"minecraft:creeper":9,"minecraft:pillager":10,"minecraft:goat":1,"minecraft:zombie":46,"minecraft:stray":3,"minecraft:evoker":4,"minecraft:vex":3,"minecraft:endermite":2,"minecraft:vindicator":14,"minecraft:husk":66,"minecraft:rabbit":1,"minecraft:hoglin":3,"minecraft:squid":4,"minecraft:wither_skeleton":21,"minecraft:enderman":1},"minecraft:mined":{"minecraft:dark_oak_planks":6,"minecraft:spruce_planks":10,"minecraft:white_bed":10,"minecraft:cobblestone_stairs":1,"travelersbackpack:blaze":14,"minecraft:brewing_stand":3,"minecraft:granite":11,"minecraft:grass_block":21,"minecraft:coal_block":34,"minecraft:polished_diorite":4,"minecraft:hopper":2,"minecraft:spawner":28,"minecraft:smooth_stone":1,"minecraft:raw_iron_block":1,"minecraft:iron_ore":35,"minecraft:fire":2,"minecraft:anvil":1,"minecraft:dark_oak_stairs":2,"minecraft:pointed_dripstone":3,"minecraft:dirt_path":32,"minecraft:spruce_wood":9,"farmersdelight:rich_soil_farmland":1,"minecraft:spruce_slab":2,"minecraft:tripwire":4,"minecraft:red_bed":1,"minecraft:powder_snow":38,"minecraft:chiseled_quartz_block":5,"minecraft:torch":76,"minecraft:blast_furnace":6,"minecraft:calcite":9,"minecraft:chest":4,"minecraft:cobblestone":39,"minecraft:oak_planks":7,"minecraft:sugar_cane":1,"minecraft:cyan_bed":16,"minecraft:grindstone":2,"minecraft:wall_torch":31,"minecraft:powered_rail":3,"minecraft:lapis_block":1,"minecraft:birch_door":1,"minecraft:light_gray_wool":2,"minecraft:tnt":1,"minecraft:wither_rose":1,"minecraft:stone_brick_stairs":10,"minecraft:smooth_stone_slab":3,"minecraft:grass":4,"minecraft:smooth_quartz":1,"minecraft:dirt":88,"minecraft:sand":103,"minecraft:raw_copper_block":1,"minecraft:tripwire_hook":2,"minecraft:dispenser":3,"minecraft:netherrack":11,"minecraft:piston":2,"minecraft:oak_leaves":2,"minecraft:cyan_candle":1,"minecraft:emerald_block":2,"minecraft:redstone_lamp":4,"minecraft:dark_prismarine":47,"minecraft:red_carpet":2,"farmersdelight:onions":10,"minecraft:dark_oak_leaves":11,"minecraft:dark_oak_log":4,"minecraft:ladder":4,"minecraft:spruce_fence":6,"minecraft:redstone_wire":2,"minecraft:spruce_leaves":27,"minecraft:potted_bamboo":1,"minecraft:hay_block":93,"minecraft:black_stained_glass_pane":1,"minecraft:redstone_ore":28,"minecraft:furnace":2,"minecraft:raw_gold_block":1,"minecraft:acacia_wood":4,"minecraft:andesite":37,"minecraft:gold_block":4,"minecraft:bookshelf":141,"minecraft:potatoes":12,"minecraft:shroomlight":2,"minecraft:cobblestone_slab":1,"minecraft:vine":1,"minecraft:rail":88,"minecraft:packed_ice":2,"minecraft:stone":247,"minecraft:smithing_table":1,"minecraft:mangrove_stairs":2,"minecraft:redstone_block":1,"minecraft:observer":10,"minecraft:crafting_table":8,"minecraft:emerald_ore":5,"minecraft:rose_bush":1,"minecraft:lightning_rod":2,"minecraft:copper_ore":1,"minecraft:tall_grass":2,"minecraft:diorite":27,"travelersbackpack:squid":5,"farmersdelight:skillet":1,"minecraft:redstone_torch":1,"minecraft:sweet_berry_bush":4,"minecraft:ice":22,"minecraft:white_carpet":9,"minecraft:spruce_log":27,"minecraft:white_wall_banner":1,"minecraft:red_wall_banner":1,"minecraft:black_wool":8,"minecraft:coal_ore":67,"minecraft:gravel":107,"minecraft:cobweb":219,"minecraft:cracked_stone_bricks":3,"minecraft:acacia_planks":10,"minecraft:polished_andesite":16,"minecraft:stone_bricks":1,"minecraft:gold_ore":14},"minecraft:killed_by":{"minecraft:wither_skeleton":6,"minecraft:pillager":1,"minecraft:vindicator":4,"minecraft:piglin":1,"mowziesmobs:frostmaw":6,"minecraft:husk":3,"minecraft:hoglin":4,"minecraft:skeleton":23},"minecraft:used":{"cyclic:battery_infinite":1,"minecraft:iron_shovel":337,"minecraft:ladder":4,"minecraft:chest":10,"minecraft:shield":51,"cyclic:anvil":5,"minecraft:iron_sword":283,"minecraft:carrot":12,"minecraft:spruce_boat":1,"minecraft:mangrove_stairs":2,"minecraft:lantern":4,"minecraft:stone_bricks":1,"minecraft:golden_sword":96,"minecraft:red_carpet":29,"minecraft:hay_block":7,"minecraft:sweet_berries":3,"minecraft:furnace":2,"minecraft:potato":18,"minecraft:dark_oak_stairs":1,"minecraft:stone_pickaxe":163,"minecraft:dark_oak_sign":5,"minecraft:oak_planks":6,"minecraft:wooden_pickaxe":24,"minecraft:white_wool":2,"minecraft:golden_apple":3,"minecraft:golden_hoe":2,"minecraft:sand":9,"minecraft:mushroom_stew":2,"minecraft:chiseled_quartz_block":5,"minecraft:blast_furnace":2,"minecraft:netherite_helmet":1,"minecraft:redstone_torch":3,"minecraft:dark_oak_log":1,"minecraft:bread":152,"minecraft:cyan_bed":16,"tombstone:grave_key":24,"minecraft:soul_lantern":1,"minecraft:diamond_sword":233,"minecraft:smithing_table":3,"minecraft:smooth_stone_slab":4,"minecraft:experience_bottle":1,"minecraft:netherite_sword":640,"travelersbackpack:blaze":68,"minecraft:rose_bush":1,"minecraft:stone_sword":131,"minecraft:redstone":2,"minecraft:light_gray_carpet":3,"minecraft:spruce_planks":1,"farmersdelight:rich_soil":1,"minecraft:cooked_salmon":3,"minecraft:torch":41,"minecraft:netherrack":1,"minecraft:dirt":29,"minecraft:anvil":1,"minecraft:white_carpet":45,"minecraft:polished_diorite":4,"minecraft:birch_door":1,"minecraft:shroomlight":2,"minecraft:dark_oak_planks":8,"minecraft:iron_axe":344,"travelersbackpack:squid":30,"minecraft:smooth_quartz":1,"minecraft:light_gray_wool":2,"minecraft:raw_copper_block":1,"minecraft:golden_carrot":5,"minecraft:acacia_wood":1,"minecraft:netherite_pickaxe":204,"tombstone:gift":9,"minecraft:cooked_beef":1,"minecraft:enchanted_golden_apple":9,"minecraft:pointed_dripstone":1,"minecraft:cooked_mutton":2,"farmersdelight:skillet":4,"minecraft:bundle":1,"minecraft:cracked_stone_bricks":2,"farmersdelight:onion":22,"tombstone:scroll_of_feather_fall":1,"minecraft:crafting_table":10,"minecraft:red_bed":2,"minecraft:white_bed":12,"minecraft:spruce_log":3,"tombstone:bag_of_seeds":4,"minecraft:dark_prismarine":13,"minecraft:flower_pot":1,"minecraft:black_wool":8,"tombstone:magic_scroll":3,"minecraft:iron_pickaxe":487,"minecraft:spruce_sapling":4,"minecraft:stone_axe":233,"minecraft:fishing_rod":17,"minecraft:cobblestone":149,"minecraft:potion":3,"minecraft:white_banner":2,"minecraft:pumpkin_pie":44},"minecraft:picked_up":{"minecraft:birch_door":1,"minecraft:iron_chestplate":1,"minecraft:wheat":17,"minecraft:redstone_block":1,"minecraft:flower_pot":1,"minecraft:anvil":1,"minecraft:suspicious_stew":1,"minecraft:smithing_table":1,"minecraft:lead":1,"minecraft:potion":2,"minecraft:wither_rose":1,"minecraft:enchanted_book":1,"minecraft:stone_brick_stairs":11,"minecraft:brewing_stand":2,"minecraft:golden_sword":2,"minecraft:lapis_block":1,"minecraft:string":234,"minecraft:dark_oak_trapdoor":3,"minecraft:raw_copper":5,"minecraft:smooth_stone_slab":5,"minecraft:iron_leggings":1,"minecraft:experience_bottle":13,"minecraft:shroomlight":3,"travelersbackpack:blaze":16,"minecraft:gold_nugget":20,"minecraft:smooth_stone":1,"minecraft:spruce_planks":16,"minecraft:rose_bush":1,"minecraft:redstone_torch":2,"minecraft:cobblestone_slab":1,"minecraft:calcite":17,"minecraft:smooth_quartz":1,"minecraft:iron_pickaxe":1,"minecraft:enchanted_golden_apple":3,"minecraft:coal_block":34,"minecraft:smooth_quartz_stairs":1,"minecraft:furnace":2,"minecraft:tipped_arrow":2,"minecraft:stick":5,"minecraft:oak_fence":3,"minecraft:torch":158,"minecraft:porkchop":5,"minecraft:lightning_rod":2,"minecraft:pointed_dripstone":4,"tombstone:grave_dust":36,"minecraft:diorite":26,"minecraft:warped_planks":2,"minecraft:golden_chestplate":2,"minecraft:rotten_flesh":170,"minecraft:mangrove_stairs":2,"farmersdelight:onion":39,"minecraft:obsidian":3,"minecraft:cod":6,"minecraft:iron_bars":1,"minecraft:cobblestone":281,"minecraft:cooked_beef":1,"minecraft:andesite":37,"minecraft:golden_leggings":1,"minecraft:chiseled_quartz_block":5,"minecraft:potato":41,"minecraft:flint":14,"travelersbackpack:gold_tier_upgrade":1,"minecraft:lapis_lazuli":2,"minecraft:dirt":132,"minecraft:lantern":4,"minecraft:leather_boots":3,"minecraft:bone":128,"minecraft:acacia_planks":13,"minecraft:bow":6,"minecraft:wheat_seeds":1,"minecraft:raw_gold":12,"minecraft:grindstone":2,"minecraft:dark_oak_sign":5,"minecraft:cyan_candle":4,"minecraft:diamond_helmet":1,"minecraft:bamboo":1,"minecraft:powered_rail":3,"minecraft:moss_block":3,"minecraft:oak_planks":7,"travelersbackpack:squid":5,"tombstone:scroll_of_feather_fall":2,"minecraft:sand":99,"minecraft:ink_sac":22,"minecraft:cyan_bed":16,"minecraft:dark_oak_log":24,"minecraft:dark_prismarine":49,"minecraft:bundle":6,"minecraft:polished_andesite":13,"minecraft:dispenser":3,"minecraft:diamond":16,"minecraft:spruce_boat":1,"minecraft:netherite_helmet":3,"minecraft:soul_lantern":2,"minecraft:granite":11,"minecraft:golden_apple":10,"minecraft:emerald":24,"minecraft:golden_horse_armor":1,"minecraft:bread":3,"minecraft:light_gray_carpet":3,"minecraft:netherrack":9,"minecraft:cocoa_beans":1,"minecraft:crafting_table":8,"minecraft:splash_potion":10,"minecraft:ladder":4,"minecraft:leather_leggings":1,"minecraft:redstone_lamp":4,"minecraft:wooden_pickaxe":1,"minecraft:gold_block":4,"minecraft:red_bed":1,"minecraft:iron_axe":4,"minecraft:iron_shovel":1,"minecraft:item_frame":5,"minecraft:netherite_scrap":5,"minecraft:white_carpet":53,"minecraft:cyan_carpet":15,"minecraft:cracked_stone_bricks":3,"minecraft:netherite_sword":5,"minecraft:player_head":1,"minecraft:observer":10,"minecraft:iron_nugget":18,"minecraft:light_gray_wool":2,"minecraft:spruce_slab":3,"minecraft:sugar_cane":15,"minecraft:chest":5,"minecraft:piston":1,"minecraft:diamond_hoe":1,"minecraft:raw_copper_block":1,"minecraft:egg":1,"minecraft:dark_oak_sapling":1,"minecraft:raw_iron":35,"minecraft:raw_gold_block":1,"minecraft:spruce_fence":6,"minecraft:fire_charge":1,"minecraft:white_dye":2,"farmersdelight:tomato_seeds":3,"minecraft:stone_button":1,"minecraft:redstone":131,"minecraft:netherite_pickaxe":1,"minecraft:stone_pressure_plate":2,"minecraft:dark_oak_planks":28,"minecraft:tnt":1,"minecraft:arrow":128,"minecraft:pumpkin_pie":5,"minecraft:diamond_boots":1,"minecraft:hay_block":89,"mowziesmobs:ice_crystal":1,"minecraft:totem_of_undying":5,"tombstone:essence_of_undeath":4,"minecraft:glistering_melon_slice":7,"minecraft:gold_ingot":10,"minecraft:rail":88,"minecraft:white_wool":2,"minecraft:netherite_boots":1,"farmersdelight:rich_soil":1,"minecraft:glow_ink_sac":5,"minecraft:tripwire_hook":2,"minecraft:salmon":6,"minecraft:acacia_wood":4,"minecraft:birch_planks":6,"minecraft:golden_boots":1,"minecraft:gunpowder":22,"farmersdelight:skillet":2,"minecraft:white_banner":3,"minecraft:cooked_mutton":2,"minecraft:red_carpet":29,"minecraft:apple":21,"minecraft:stone_bricks":1,"minecraft:spruce_wood":9,"minecraft:iron_ingot":10,"tombstone:bag_of_seeds":3,"minecraft:iron_sword":1,"minecraft:dark_oak_stairs":6,"minecraft:book":448,"minecraft:dark_oak_slab":2,"minecraft:emerald_block":2,"minecraft:sweet_berries":5,"minecraft:raw_iron_block":1,"minecraft:gravel":83,"minecraft:crimson_stairs":1,"minecraft:spruce_sapling":4,"minecraft:red_banner":1,"minecraft:blast_furnace":8,"minecraft:white_bed":11,"minecraft:spruce_log":27,"minecraft:spider_eye":4,"minecraft:pumpkin_seeds":2,"minecraft:polished_diorite":4,"tombstone:magic_scroll":3,"minecraft:black_wool":8,"minecraft:coal":124,"minecraft:hopper":2,"minecraft:ender_pearl":1},"minecraft:broken":{"minecraft:golden_helmet":1,"minecraft:iron_shovel":1,"minecraft:iron_chestplate":1,"minecraft:iron_leggings":1,"minecraft:stone_pickaxe":1,"minecraft:golden_sword":2,"minecraft:stone_axe":2,"minecraft:iron_sword":2,"minecraft:golden_chestplate":1,"cyclic:torch_launcher":1,"minecraft:stone_sword":1,"minecraft:iron_axe":1,"minecraft:iron_pickaxe":1}},"DataVersion":3465}