{"stats":{"minecraft:mined":{"minecraft:hay_block":4,"minecraft:furnace":1,"minecraft:iron_ore":12,"minecraft:spruce_log":9,"minecraft:andesite":6,"minecraft:crafting_table":4,"minecraft:torch":2,"minecraft:grass":1,"minecraft:coal_ore":63,"minecraft:chest":1,"minecraft:copper_ore":1,"minecraft:spruce_leaves":6,"minecraft:stone":58,"minecraft:netherrack":11,"minecraft:wall_torch":2},"minecraft:picked_up":{"minecraft:tipped_arrow":1,"minecraft:raw_iron":12,"minecraft:stick":2,"minecraft:crafting_table":4,"minecraft:andesite":6,"minecraft:golden_leggings":1,"minecraft:torch":4,"tombstone:scroll_of_feather_fall":1,"minecraft:fire_charge":1,"minecraft:spruce_sapling":3,"minecraft:golden_sword":1,"minecraft:spruce_log":9,"minecraft:white_banner":1,"minecraft:raw_copper":5,"minecraft:arrow":4,"minecraft:bone":3,"minecraft:hay_block":3,"minecraft:iron_ingot":1,"minecraft:iron_nugget":18,"minecraft:netherrack":9,"minecraft:chest":1,"minecraft:coal":65,"minecraft:cobblestone":63,"minecraft:furnace":1},"minecraft:killed_by":{"minecraft:pillager":1},"minecraft:dropped":{"minecraft:bread":5},"minecraft:custom":{"minecraft:time_since_rest":8987,"minecraft:interact_with_furnace":6,"minecraft:sprint_one_cm":43265,"minecraft:damage_taken":600,"minecraft:walk_one_cm":91624,"minecraft:mob_kills":12,"minecraft:drop":5,"tombstone:raider_killed":8,"minecraft:damage_dealt":2766,"minecraft:swim_one_cm":3777,"minecraft:interact_with_crafting_table":8,"minecraft:fly_one_cm":70037,"minecraft:open_chest":1,"tombstone:undead_killed":3,"minecraft:crouch_one_cm":1309,"minecraft:play_time":30805,"minecraft:deaths":2,"minecraft:sneak_time":717,"minecraft:walk_under_water_one_cm":1874,"minecraft:jump":511,"minecraft:walk_on_water_one_cm":2222,"minecraft:leave_game":1,"minecraft:time_since_death":10331,"minecraft:total_world_time":30805,"minecraft:fall_one_cm":8263},"minecraft:crafted":{"minecraft:crafting_table":1,"minecraft:spruce_planks":28,"minecraft:stick":12,"minecraft:iron_pickaxe":1,"minecraft:iron_ingot":4,"minecraft:wooden_pickaxe":1,"minecraft:stone_pickaxe":2,"minecraft:furnace":1,"minecraft:torch":4,"minecraft:stone_axe":1,"minecraft:air":0,"minecraft:bread":9,"minecraft:wheat":27},"minecraft:killed":{"minecraft:pillager":8,"minecraft:zombie":2,"minecraft:stray":1},"minecraft:broken":{"minecraft:stone_pickaxe":1},"minecraft:used":{"minecraft:bread":2,"minecraft:stone_pickaxe":137,"minecraft:wooden_pickaxe":19,"minecraft:spruce_sapling":3,"minecraft:stone_axe":20,"minecraft:golden_sword":26,"minecraft:torch":4,"minecraft:cobblestone":27,"minecraft:crafting_table":4,"minecraft:furnace":1,"minecraft:spruce_log":2}},"DataVersion":3465}