{"stats":{"minecraft:used":{"travelersbackpack:blaze":20,"minecraft:redstone":1,"minecraft:ladder":1,"minecraft:light_gray_carpet":3,"minecraft:chest":6,"minecraft:spruce_planks":1,"minecraft:shield":14,"minecraft:iron_sword":262,"minecraft:cooked_salmon":3,"minecraft:netherrack":1,"minecraft:torch":37,"minecraft:dirt":9,"minecraft:white_carpet":28,"minecraft:polished_diorite":4,"minecraft:dark_oak_planks":1,"minecraft:iron_axe":1,"minecraft:golden_sword":26,"minecraft:furnace":2,"tombstone:gift":4,"minecraft:dark_oak_stairs":1,"minecraft:stone_pickaxe":162,"minecraft:wooden_pickaxe":19,"tombstone:scroll_of_feather_fall":1,"minecraft:crafting_table":9,"minecraft:red_bed":2,"minecraft:white_bed":5,"minecraft:spruce_log":3,"minecraft:redstone_torch":2,"minecraft:flower_pot":1,"minecraft:bread":25,"minecraft:iron_pickaxe":330,"tombstone:grave_key":1,"minecraft:spruce_sapling":3,"minecraft:stone_axe":125,"minecraft:cobblestone":43,"minecraft:smithing_table":1,"minecraft:smooth_stone_slab":4},"minecraft:killed":{"minecraft:cave_spider":3,"mowziesmobs:frostmaw":1,"minecraft:skeleton":2,"minecraft:zombie_villager":1,"minecraft:salmon":4,"minecraft:creeper":1,"minecraft:squid":3,"minecraft:pillager":8,"minecraft:goat":1,"minecraft:zombie":12,"minecraft:stray":1},"minecraft:mined":{"minecraft:spruce_planks":1,"minecraft:white_bed":4,"minecraft:brewing_stand":1,"minecraft:ladder":1,"minecraft:granite":11,"minecraft:spruce_fence":6,"minecraft:redstone_wire":1,"minecraft:polished_diorite":4,"minecraft:spruce_leaves":12,"minecraft:potted_bamboo":1,"minecraft:spawner":1,"minecraft:hay_block":4,"minecraft:smooth_stone":1,"minecraft:redstone_ore":28,"minecraft:furnace":2,"minecraft:iron_ore":34,"minecraft:andesite":37,"minecraft:dark_oak_stairs":1,"minecraft:dirt_path":5,"minecraft:rail":70,"minecraft:packed_ice":2,"minecraft:stone":174,"minecraft:red_bed":1,"minecraft:powder_snow":38,"minecraft:crafting_table":8,"minecraft:torch":6,"minecraft:chest":3,"minecraft:copper_ore":1,"minecraft:cobblestone":18,"minecraft:sugar_cane":1,"minecraft:diorite":3,"minecraft:wall_torch":9,"minecraft:powered_rail":1,"minecraft:redstone_torch":1,"minecraft:ice":22,"minecraft:spruce_log":10,"minecraft:white_carpet":7,"minecraft:smooth_stone_slab":2,"minecraft:grass":1,"minecraft:coal_ore":64,"minecraft:dirt":16,"minecraft:cobweb":182,"minecraft:cracked_stone_bricks":1,"minecraft:netherrack":11,"minecraft:gold_ore":13,"minecraft:oak_leaves":2},"minecraft:killed_by":{"minecraft:pillager":1,"mowziesmobs:frostmaw":6},"minecraft:crafted":{"minecraft:furnace":1,"minecraft:iron_axe":1,"minecraft:stone_pickaxe":2,"minecraft:wheat":27,"minecraft:crafting_table":1,"minecraft:spruce_planks":28,"minecraft:wooden_pickaxe":1,"minecraft:iron_sword":1,"minecraft:cooked_salmon":3,"travelersbackpack:blaze":4,"minecraft:stone_axe":1,"minecraft:bread":13,"minecraft:air":0,"minecraft:shield":1,"minecraft:stick":16,"minecraft:iron_ingot":6,"minecraft:iron_pickaxe":1,"minecraft:white_bed":2,"minecraft:torch":20},"minecraft:broken":{"minecraft:stone_pickaxe":1,"minecraft:stone_axe":1,"minecraft:iron_sword":1,"minecraft:iron_pickaxe":1},"minecraft:custom":{"minecraft:interact_with_smithing_table":7,"minecraft:mob_kills":38,"minecraft:interact_with_crafting_table":13,"minecraft:bell_ring":1,"minecraft:leave_game":4,"minecraft:time_since_death":118132,"minecraft:climb_one_cm":4682,"minecraft:sprint_one_cm":218118,"minecraft:walk_one_cm":869447,"minecraft:damage_blocked_by_shield":240,"minecraft:drop":12,"minecraft:talked_to_villager":5,"minecraft:play_time":193989,"minecraft:deaths":10,"minecraft:sneak_time":3661,"minecraft:walk_under_water_one_cm":43483,"minecraft:jump":1771,"minecraft:walk_on_water_one_cm":29024,"minecraft:total_world_time":193989,"minecraft:interact_with_furnace":40,"tombstone:raider_killed":8,"minecraft:pot_flower":1,"minecraft:sleep_in_bed":7,"minecraft:time_since_rest":51521,"minecraft:damage_taken":4104,"minecraft:damage_dealt":11465,"tombstone:cast_on_ally":0,"minecraft:swim_one_cm":48648,"minecraft:fly_one_cm":433015,"minecraft:open_chest":57,"minecraft:crouch_one_cm":5339,"tombstone:undead_killed":16,"minecraft:fall_one_cm":53302},"minecraft:dropped":{"minecraft:bread":6,"minecraft:iron_axe":1,"minecraft:white_bed":2,"minecraft:leather_boots":3},"minecraft:picked_up":{"minecraft:crafting_table":8,"minecraft:wheat":12,"minecraft:splash_potion":1,"minecraft:ladder":1,"minecraft:flower_pot":1,"minecraft:suspicious_stew":1,"minecraft:leather_leggings":1,"minecraft:golden_sword":1,"minecraft:string":184,"minecraft:red_bed":1,"minecraft:raw_copper":5,"minecraft:smooth_stone_slab":4,"minecraft:item_frame":5,"minecraft:white_carpet":36,"minecraft:cracked_stone_bricks":1,"minecraft:smooth_stone":1,"minecraft:spruce_planks":1,"minecraft:redstone_torch":2,"minecraft:iron_nugget":18,"minecraft:sugar_cane":15,"minecraft:chest":3,"minecraft:furnace":2,"minecraft:tipped_arrow":1,"minecraft:stick":5,"minecraft:raw_iron":34,"minecraft:torch":16,"minecraft:spruce_fence":6,"minecraft:fire_charge":1,"farmersdelight:tomato_seeds":3,"tombstone:grave_dust":3,"minecraft:diorite":3,"minecraft:redstone":126,"minecraft:arrow":5,"minecraft:rotten_flesh":13,"minecraft:hay_block":3,"mowziesmobs:ice_crystal":1,"minecraft:gold_ingot":1,"minecraft:iron_bars":1,"minecraft:cobblestone":200,"minecraft:rail":70,"minecraft:cooked_beef":1,"minecraft:salmon":3,"minecraft:andesite":37,"minecraft:golden_leggings":1,"minecraft:gunpowder":5,"minecraft:dirt":21,"minecraft:white_banner":1,"minecraft:leather_boots":3,"minecraft:cooked_mutton":2,"minecraft:bone":4,"minecraft:raw_gold":11,"minecraft:iron_ingot":1,"minecraft:powered_rail":1,"minecraft:bamboo":1,"minecraft:moss_block":3,"minecraft:iron_sword":1,"minecraft:dark_oak_stairs":1,"tombstone:scroll_of_feather_fall":1,"minecraft:spruce_sapling":3,"minecraft:ink_sac":9,"minecraft:white_bed":5,"minecraft:spruce_log":10,"minecraft:polished_diorite":4,"minecraft:granite":11,"minecraft:emerald":11,"minecraft:bread":2,"minecraft:light_gray_carpet":3,"minecraft:netherrack":9,"minecraft:coal":71}},"DataVersion":3465}