{"stats":{"minecraft:used":{"minecraft:stone_sword":71,"travelersbackpack:blaze":26,"minecraft:redstone":1,"minecraft:ladder":1,"minecraft:light_gray_carpet":3,"minecraft:chest":6,"minecraft:spruce_planks":1,"minecraft:shield":16,"minecraft:iron_sword":283,"farmersdelight:rich_soil":1,"minecraft:cooked_salmon":3,"minecraft:netherrack":1,"minecraft:torch":37,"minecraft:dirt":9,"minecraft:white_carpet":28,"minecraft:polished_diorite":4,"minecraft:spruce_boat":1,"minecraft:birch_door":1,"minecraft:dark_oak_planks":1,"minecraft:iron_axe":60,"minecraft:golden_sword":32,"minecraft:furnace":2,"tombstone:gift":7,"minecraft:potato":18,"minecraft:cooked_beef":1,"minecraft:enchanted_golden_apple":7,"minecraft:cooked_mutton":2,"minecraft:dark_oak_stairs":1,"minecraft:dark_oak_sign":4,"minecraft:stone_pickaxe":162,"minecraft:wooden_pickaxe":24,"farmersdelight:onion":22,"minecraft:golden_hoe":2,"tombstone:scroll_of_feather_fall":1,"minecraft:crafting_table":9,"minecraft:red_bed":2,"minecraft:mushroom_stew":2,"minecraft:white_bed":11,"minecraft:spruce_log":3,"minecraft:redstone_torch":2,"minecraft:flower_pot":1,"minecraft:bread":55,"minecraft:iron_pickaxe":432,"tombstone:grave_key":14,"minecraft:spruce_sapling":4,"minecraft:stone_axe":233,"minecraft:cobblestone":91,"minecraft:smithing_table":1,"minecraft:pumpkin_pie":1,"minecraft:smooth_stone_slab":4},"minecraft:killed":{"minecraft:cave_spider":3,"minecraft:spider":1,"mowziesmobs:frostmaw":1,"minecraft:skeleton":19,"minecraft:husk":14,"minecraft:zombie_villager":2,"minecraft:salmon":4,"minecraft:rabbit":1,"minecraft:creeper":1,"minecraft:squid":4,"minecraft:pillager":8,"minecraft:goat":1,"minecraft:zombie":12,"minecraft:stray":3},"minecraft:mined":{"farmersdelight:onions":10,"minecraft:spruce_planks":1,"minecraft:white_bed":10,"travelersbackpack:blaze":5,"minecraft:brewing_stand":1,"minecraft:ladder":1,"minecraft:granite":11,"minecraft:spruce_fence":6,"minecraft:redstone_wire":1,"minecraft:coal_block":2,"minecraft:polished_diorite":4,"minecraft:spruce_leaves":27,"minecraft:potted_bamboo":1,"minecraft:spawner":7,"minecraft:hay_block":66,"minecraft:smooth_stone":1,"minecraft:redstone_ore":28,"minecraft:furnace":2,"minecraft:iron_ore":34,"minecraft:andesite":37,"minecraft:gold_block":1,"minecraft:dark_oak_stairs":2,"minecraft:bookshelf":25,"minecraft:potatoes":12,"minecraft:dirt_path":5,"minecraft:rail":70,"minecraft:packed_ice":2,"minecraft:spruce_wood":3,"minecraft:stone":242,"farmersdelight:rich_soil_farmland":1,"minecraft:red_bed":1,"minecraft:powder_snow":38,"minecraft:crafting_table":8,"minecraft:torch":6,"minecraft:blast_furnace":2,"minecraft:emerald_ore":4,"minecraft:chest":3,"minecraft:copper_ore":1,"minecraft:cobblestone":27,"minecraft:sugar_cane":1,"minecraft:diorite":7,"minecraft:wall_torch":9,"minecraft:powered_rail":1,"minecraft:redstone_torch":1,"minecraft:ice":22,"minecraft:white_carpet":7,"minecraft:spruce_log":25,"minecraft:birch_door":1,"minecraft:red_wall_banner":1,"minecraft:smooth_stone_slab":2,"minecraft:grass":2,"minecraft:coal_ore":67,"minecraft:dirt":16,"minecraft:cobweb":182,"minecraft:cracked_stone_bricks":1,"minecraft:netherrack":11,"minecraft:gold_ore":14,"minecraft:oak_leaves":2,"minecraft:cyan_candle":1,"minecraft:emerald_block":1},"minecraft:killed_by":{"minecraft:husk":3,"minecraft:pillager":1,"minecraft:hoglin":1,"minecraft:skeleton":15,"mowziesmobs:frostmaw":6},"minecraft:crafted":{"minecraft:furnace":1,"minecraft:iron_axe":2,"tombstone:grave_key":2,"minecraft:spruce_wood":3,"minecraft:stone_pickaxe":2,"minecraft:spruce_boat":1,"minecraft:wheat":108,"minecraft:crafting_table":1,"minecraft:spruce_planks":40,"minecraft:wooden_pickaxe":1,"minecraft:iron_sword":1,"minecraft:cooked_salmon":3,"travelersbackpack:blaze":6,"minecraft:stone_axe":2,"minecraft:bread":53,"minecraft:air":0,"cyclic:torch_launcher":1,"minecraft:shield":1,"minecraft:stick":24,"minecraft:iron_ingot":30,"minecraft:iron_pickaxe":1,"minecraft:stone_sword":1,"minecraft:gold_ingot":1,"minecraft:white_bed":2,"minecraft:torch":20},"minecraft:broken":{"minecraft:golden_helmet":1,"minecraft:stone_pickaxe":1,"minecraft:stone_axe":2,"minecraft:iron_sword":2,"minecraft:iron_pickaxe":1},"minecraft:custom":{"minecraft:interact_with_smithing_table":9,"minecraft:mob_kills":75,"minecraft:interact_with_crafting_table":14,"minecraft:open_barrel":29,"minecraft:bell_ring":1,"minecraft:eat_cake_slice":1,"minecraft:leave_game":5,"minecraft:time_since_death":4204,"minecraft:climb_one_cm":8580,"minecraft:damage_resisted":353,"minecraft:sprint_one_cm":484528,"minecraft:walk_one_cm":1257772,"minecraft:damage_blocked_by_shield":290,"minecraft:drop":42,"minecraft:talked_to_villager":6,"minecraft:play_time":315490,"minecraft:deaths":29,"minecraft:sneak_time":6154,"minecraft:walk_under_water_one_cm":66208,"minecraft:boat_one_cm":18855,"minecraft:jump":2990,"minecraft:interact_with_blast_furnace":19,"minecraft:walk_on_water_one_cm":60896,"minecraft:total_world_time":315490,"minecraft:interact_with_furnace":44,"tombstone:raider_killed":8,"minecraft:pot_flower":1,"minecraft:sleep_in_bed":13,"minecraft:time_since_rest":1805,"minecraft:damage_absorbed":766,"minecraft:damage_taken":11205,"minecraft:damage_dealt":21388,"tombstone:cast_on_ally":0,"minecraft:swim_one_cm":97763,"minecraft:fly_one_cm":677701,"minecraft:open_chest":80,"minecraft:crouch_one_cm":7462,"tombstone:undead_killed":50,"minecraft:fall_one_cm":86817},"minecraft:dropped":{"minecraft:bread":52,"minecraft:golden_helmet":1,"mowziesmobs:ice_crystal":1,"travelersbackpack:blaze":2,"minecraft:iron_axe":1,"minecraft:iron_pickaxe":1,"minecraft:dark_oak_planks":1,"minecraft:bowl":2,"minecraft:rotten_flesh":7,"minecraft:white_bed":2,"minecraft:suspicious_stew":1,"minecraft:carrot":23,"minecraft:leather_boots":3,"minecraft:stone_pressure_plate":1,"minecraft:netherrack":8,"minecraft:egg":1},"minecraft:picked_up":{"minecraft:birch_door":1,"minecraft:crafting_table":8,"minecraft:wheat":12,"minecraft:splash_potion":1,"minecraft:ladder":1,"minecraft:flower_pot":1,"minecraft:suspicious_stew":1,"minecraft:leather_leggings":1,"minecraft:wooden_pickaxe":1,"minecraft:gold_block":1,"minecraft:enchanted_book":1,"minecraft:golden_sword":1,"minecraft:string":184,"minecraft:red_bed":1,"minecraft:raw_copper":5,"minecraft:smooth_stone_slab":4,"minecraft:item_frame":5,"minecraft:white_carpet":36,"minecraft:cyan_carpet":15,"travelersbackpack:blaze":6,"minecraft:cracked_stone_bricks":1,"minecraft:smooth_stone":1,"minecraft:spruce_planks":1,"minecraft:redstone_torch":2,"minecraft:iron_pickaxe":1,"minecraft:iron_nugget":18,"minecraft:coal_block":2,"minecraft:sugar_cane":15,"minecraft:chest":3,"minecraft:smooth_quartz_stairs":1,"minecraft:egg":1,"minecraft:furnace":2,"minecraft:tipped_arrow":2,"minecraft:stick":5,"minecraft:raw_iron":34,"minecraft:torch":20,"minecraft:spruce_fence":6,"minecraft:fire_charge":1,"farmersdelight:tomato_seeds":3,"tombstone:grave_dust":11,"minecraft:diorite":7,"minecraft:redstone":126,"minecraft:stone_pressure_plate":2,"minecraft:dark_oak_planks":1,"minecraft:arrow":24,"minecraft:rotten_flesh":31,"farmersdelight:onion":39,"minecraft:hay_block":65,"mowziesmobs:ice_crystal":1,"minecraft:gold_ingot":1,"minecraft:iron_bars":1,"minecraft:cobblestone":270,"minecraft:rail":70,"farmersdelight:rich_soil":1,"minecraft:cooked_beef":1,"minecraft:andesite":37,"minecraft:salmon":3,"minecraft:golden_leggings":1,"minecraft:potato":41,"minecraft:gunpowder":10,"minecraft:dirt":21,"minecraft:white_banner":1,"minecraft:leather_boots":3,"minecraft:cooked_mutton":2,"minecraft:bone":25,"minecraft:apple":16,"minecraft:raw_gold":12,"minecraft:spruce_wood":3,"minecraft:iron_ingot":1,"minecraft:dark_oak_sign":4,"minecraft:cyan_candle":3,"minecraft:powered_rail":1,"minecraft:bamboo":1,"minecraft:moss_block":3,"minecraft:iron_sword":1,"minecraft:dark_oak_stairs":3,"minecraft:book":75,"minecraft:dark_oak_slab":2,"minecraft:emerald_block":1,"tombstone:scroll_of_feather_fall":1,"minecraft:red_banner":1,"minecraft:spruce_sapling":4,"minecraft:blast_furnace":2,"minecraft:ink_sac":11,"minecraft:white_bed":11,"minecraft:spruce_log":25,"minecraft:spider_eye":1,"minecraft:bundle":2,"minecraft:spruce_boat":1,"minecraft:polished_diorite":4,"minecraft:granite":11,"minecraft:emerald":15,"minecraft:bread":2,"tombstone:magic_scroll":1,"minecraft:light_gray_carpet":3,"minecraft:netherrack":9,"minecraft:coal":73}},"DataVersion":3465}