{"stats":{"minecraft:used":{"minecraft:spruce_planks":49,"minecraft:torch":72,"minecraft:dirt":12,"minecraft:golden_chestplate":1,"minecraft:granite":12,"minecraft:spruce_boat":2,"minecraft:wooden_axe":5,"minecraft:iron_axe":30,"minecraft:iron_helmet":1,"minecraft:iron_boots":1,"minecraft:smooth_basalt":6,"minecraft:furnace":3,"tombstone:gift":1,"minecraft:cobbled_deepslate":41,"minecraft:iron_leggings":1,"minecraft:diorite":1,"minecraft:stone_pickaxe":353,"minecraft:baked_potato":13,"minecraft:oak_planks":2,"minecraft:wooden_pickaxe":9,"minecraft:crafting_table":8,"minecraft:white_bed":3,"minecraft:bread":2,"minecraft:iron_pickaxe":80,"minecraft:spruce_sapling":2,"minecraft:gravel":3,"minecraft:stone_axe":57,"minecraft:cobblestone":67,"minecraft:bucket":1,"minecraft:cooked_rabbit":2,"minecraft:oak_boat":3,"minecraft:waxed_cut_copper_stairs":1,"cyclic:copper_pickaxe":30},"minecraft:killed":{"minecraft:witch":1,"minecraft:skeleton":5,"minecraft:chicken":1,"minecraft:rabbit":2,"minecraft:sheep":3,"minecraft:zombie":1},"minecraft:mined":{"minecraft:spruce_planks":3,"minecraft:white_bed":3,"minecraft:deepslate_diamond_ore":7,"farmersdelight:wild_carrots":1,"minecraft:brewing_stand":1,"minecraft:glow_lichen":1,"minecraft:granite":14,"minecraft:grass_block":2,"minecraft:spruce_leaves":14,"minecraft:furnace":1,"minecraft:iron_ore":9,"minecraft:fire":1,"minecraft:cobbled_deepslate":4,"minecraft:andesite":33,"cyclic:flower_cyan":30,"minecraft:deepslate_iron_ore":20,"minecraft:packed_ice":2,"minecraft:azalea_leaves":1,"minecraft:stone":210,"minecraft:waxed_cut_copper_stairs":2,"minecraft:deepslate_redstone_ore":11,"cyclic:flower_lime_carnation":47,"minecraft:redstone_block":1,"cyclic:flower_purple_tulip":5,"minecraft:powder_snow":45,"minecraft:crafting_table":6,"minecraft:torch":6,"minecraft:poppy":1,"minecraft:tall_grass":1,"minecraft:copper_ore":7,"minecraft:cobblestone":1,"minecraft:deepslate_coal_ore":4,"minecraft:deepslate_gold_ore":11,"minecraft:lapis_ore":5,"minecraft:diorite":9,"minecraft:wall_torch":2,"minecraft:spruce_log":22,"minecraft:grass":3,"minecraft:coal_ore":57,"minecraft:oak_log":11,"minecraft:cyan_carpet":2,"minecraft:gravel":6,"minecraft:dirt":10,"minecraft:smooth_basalt":7,"minecraft:gold_ore":9,"minecraft:deepslate":41},"minecraft:crafted":{"cyclic:copper_pickaxe":2,"minecraft:oak_planks":44,"minecraft:redstone":9,"minecraft:furnace":2,"minecraft:cooked_mutton":5,"minecraft:iron_boots":1,"minecraft:iron_axe":1,"minecraft:stone_pickaxe":3,"minecraft:spruce_boat":1,"minecraft:cooked_rabbit":2,"minecraft:crafting_table":3,"minecraft:spruce_planks":84,"minecraft:wooden_pickaxe":1,"minecraft:baked_potato":14,"minecraft:iron_helmet":1,"minecraft:copper_ingot":26,"minecraft:bucket":1,"minecraft:stone_axe":1,"minecraft:air":0,"minecraft:oak_boat":1,"minecraft:diamond_pickaxe":1,"minecraft:stick":40,"minecraft:iron_ingot":28,"minecraft:iron_pickaxe":1,"minecraft:wooden_axe":1,"minecraft:gold_ingot":19,"minecraft:iron_leggings":1,"minecraft:white_bed":1,"minecraft:torch":68},"minecraft:broken":{"minecraft:stone_pickaxe":2},"minecraft:custom":{"minecraft:mob_kills":13,"minecraft:interact_with_crafting_table":28,"minecraft:eat_cake_slice":1,"minecraft:time_since_death":101828,"minecraft:climb_one_cm":1160,"minecraft:sprint_one_cm":161471,"minecraft:walk_one_cm":280961,"minecraft:drop":39,"minecraft:play_time":108829,"minecraft:deaths":1,"minecraft:sneak_time":6651,"minecraft:walk_under_water_one_cm":9224,"minecraft:boat_one_cm":188453,"minecraft:jump":1431,"minecraft:walk_on_water_one_cm":14889,"minecraft:total_world_time":108829,"minecraft:interact_with_furnace":41,"tombstone:raider_killed":1,"minecraft:sleep_in_bed":4,"minecraft:time_since_rest":7545,"minecraft:damage_taken":701,"minecraft:damage_dealt":1970,"minecraft:swim_one_cm":6403,"minecraft:fly_one_cm":319505,"minecraft:open_chest":6,"minecraft:crouch_one_cm":19376,"tombstone:undead_killed":6,"minecraft:fall_one_cm":29612},"minecraft:dropped":{"minecraft:wheat_seeds":1,"minecraft:lapis_lazuli":1,"minecraft:feather":1,"minecraft:cobblestone":103,"minecraft:item_frame":1,"minecraft:diorite":8,"minecraft:wooden_axe":1,"minecraft:snowball":9,"farmersdelight:onion":1,"minecraft:cyan_carpet":2,"minecraft:bone":2,"minecraft:gold_ingot":1,"minecraft:gravel":3,"minecraft:stone_axe":1,"minecraft:carrot":1,"minecraft:rabbit_hide":4,"minecraft:andesite":30,"minecraft:bow":1,"minecraft:stone_pickaxe":1,"minecraft:arrow":4,"minecraft:wooden_pickaxe":1},"minecraft:picked_up":{"minecraft:crafting_table":6,"minecraft:redstone_block":1,"minecraft:chicken":1,"minecraft:brewing_stand":1,"minecraft:raw_copper":26,"minecraft:item_frame":1,"minecraft:cyan_carpet":2,"cyclic:flower_lime_carnation":43,"minecraft:cobbled_deepslate":41,"minecraft:spruce_planks":1,"minecraft:oak_boat":2,"minecraft:furnace":1,"minecraft:raw_iron":28,"minecraft:stick":1,"minecraft:torch":14,"minecraft:diorite":9,"minecraft:carrot":1,"minecraft:redstone":49,"minecraft:waxed_cut_copper_stairs":1,"minecraft:arrow":4,"mowziesmobs:ice_crystal":1,"minecraft:gold_ingot":2,"minecraft:mutton":5,"minecraft:white_wool":3,"minecraft:cobblestone":198,"minecraft:feather":1,"minecraft:glow_ink_sac":2,"minecraft:andesite":30,"minecraft:oak_log":11,"minecraft:dirt":12,"minecraft:lapis_lazuli":36,"cyclic:flower_cyan":30,"minecraft:bone":2,"minecraft:bow":1,"cyclic:flower_purple_tulip":5,"minecraft:wheat_seeds":1,"minecraft:raw_gold":19,"minecraft:rabbit_hide":4,"minecraft:iron_ingot":2,"minecraft:rabbit":2,"minecraft:smooth_basalt":6,"minecraft:gravel":6,"minecraft:spruce_sapling":2,"minecraft:white_bed":3,"minecraft:spruce_log":21,"minecraft:diamond":7,"minecraft:spruce_boat":1,"minecraft:granite":14,"minecraft:bread":30,"minecraft:coal":61}},"DataVersion":3465}