{"stats":{"minecraft:used":{"minecraft:diorite":1,"minecraft:stone_pickaxe":309,"minecraft:baked_potato":3,"minecraft:spruce_planks":49,"minecraft:wooden_pickaxe":9,"minecraft:torch":15,"minecraft:dirt":12,"minecraft:crafting_table":7,"minecraft:white_bed":2,"minecraft:golden_chestplate":1,"minecraft:granite":12,"minecraft:spruce_boat":2,"minecraft:wooden_axe":5,"minecraft:bread":2,"minecraft:iron_pickaxe":4,"minecraft:spruce_sapling":2,"minecraft:stone_axe":57,"minecraft:cobblestone":9,"minecraft:furnace":2,"minecraft:cooked_rabbit":2,"tombstone:gift":1,"minecraft:waxed_cut_copper_stairs":1},"minecraft:killed":{"minecraft:rabbit":2,"minecraft:sheep":3,"minecraft:chicken":1},"minecraft:mined":{"minecraft:waxed_cut_copper_stairs":2,"cyclic:flower_lime_carnation":47,"minecraft:spruce_planks":3,"minecraft:redstone_block":1,"minecraft:white_bed":2,"farmersdelight:wild_carrots":1,"cyclic:flower_purple_tulip":5,"minecraft:powder_snow":45,"minecraft:brewing_stand":1,"minecraft:glow_lichen":1,"minecraft:crafting_table":4,"minecraft:torch":2,"minecraft:granite":14,"minecraft:grass_block":2,"minecraft:poppy":1,"minecraft:copper_ore":7,"minecraft:tall_grass":1,"minecraft:cobblestone":1,"minecraft:spruce_leaves":14,"minecraft:diorite":9,"minecraft:wall_torch":1,"minecraft:furnace":1,"minecraft:iron_ore":2,"minecraft:fire":1,"minecraft:andesite":33,"minecraft:spruce_log":22,"cyclic:flower_cyan":30,"minecraft:grass":3,"minecraft:oak_log":11,"minecraft:coal_ore":48,"minecraft:gravel":3,"minecraft:cyan_carpet":2,"minecraft:dirt":10,"minecraft:packed_ice":2,"minecraft:azalea_leaves":1,"minecraft:stone":194,"minecraft:gold_ore":2,"minecraft:deepslate":1},"minecraft:crafted":{"minecraft:crafting_table":3,"minecraft:spruce_planks":84,"minecraft:wooden_pickaxe":1,"minecraft:baked_potato":14,"minecraft:furnace":1,"minecraft:stone_axe":1,"minecraft:cooked_mutton":5,"minecraft:air":0,"minecraft:stick":16,"minecraft:iron_ingot":2,"minecraft:iron_pickaxe":1,"minecraft:stone_pickaxe":3,"minecraft:wooden_axe":1,"minecraft:gold_ingot":2,"minecraft:white_bed":1,"minecraft:spruce_boat":1,"minecraft:torch":8,"minecraft:cooked_rabbit":2},"minecraft:custom":{"minecraft:interact_with_furnace":10,"minecraft:mob_kills":6,"minecraft:interact_with_crafting_table":14,"minecraft:eat_cake_slice":1,"minecraft:time_since_death":53828,"minecraft:sleep_in_bed":3,"minecraft:climb_one_cm":1160,"minecraft:time_since_rest":20199,"minecraft:sprint_one_cm":105821,"minecraft:damage_taken":378,"minecraft:walk_one_cm":174555,"minecraft:drop":19,"minecraft:damage_dealt":438,"minecraft:swim_one_cm":6403,"minecraft:fly_one_cm":241477,"minecraft:open_chest":5,"minecraft:crouch_one_cm":8879,"minecraft:play_time":60829,"minecraft:deaths":1,"minecraft:sneak_time":3957,"minecraft:walk_under_water_one_cm":7409,"minecraft:boat_one_cm":111105,"minecraft:jump":831,"minecraft:walk_on_water_one_cm":4492,"minecraft:total_world_time":60829,"minecraft:fall_one_cm":18614},"minecraft:broken":{"minecraft:stone_pickaxe":2},"minecraft:dropped":{"minecraft:gravel":3,"minecraft:wheat_seeds":1,"minecraft:lapis_lazuli":1,"minecraft:feather":1,"minecraft:cobblestone":103,"minecraft:carrot":1,"minecraft:item_frame":1,"minecraft:rabbit_hide":4,"minecraft:diorite":8,"minecraft:andesite":30,"farmersdelight:onion":1,"minecraft:cyan_carpet":2,"minecraft:gold_ingot":1},"minecraft:picked_up":{"minecraft:crafting_table":4,"minecraft:feather":1,"minecraft:chicken":1,"minecraft:redstone_block":1,"minecraft:andesite":30,"minecraft:oak_log":11,"minecraft:brewing_stand":1,"minecraft:lapis_lazuli":1,"minecraft:dirt":12,"minecraft:raw_copper":26,"cyclic:flower_cyan":30,"minecraft:item_frame":1,"minecraft:cyan_carpet":2,"cyclic:flower_lime_carnation":43,"cyclic:flower_purple_tulip":5,"minecraft:wheat_seeds":1,"minecraft:raw_gold":2,"minecraft:rabbit_hide":4,"minecraft:spruce_planks":1,"minecraft:iron_ingot":2,"minecraft:rabbit":2,"minecraft:furnace":1,"minecraft:raw_iron":2,"minecraft:torch":8,"minecraft:gravel":3,"minecraft:spruce_sapling":2,"minecraft:diorite":9,"minecraft:white_bed":2,"minecraft:spruce_log":21,"minecraft:carrot":1,"minecraft:waxed_cut_copper_stairs":1,"minecraft:spruce_boat":1,"minecraft:granite":14,"mowziesmobs:ice_crystal":1,"minecraft:gold_ingot":2,"minecraft:bread":30,"minecraft:mutton":5,"minecraft:coal":48,"minecraft:white_wool":3,"minecraft:cobblestone":183}},"DataVersion":3465}