{"stats":{"minecraft:used":{"minecraft:iron_shovel":68,"minecraft:flint_and_steel":1,"minecraft:poppy":4,"minecraft:chest":2,"minecraft:spruce_planks":66,"minecraft:netherrack":46,"minecraft:torch":84,"minecraft:dirt":23,"minecraft:golden_chestplate":1,"minecraft:spruce_fence":1,"minecraft:granite":14,"minecraft:snowball":25,"minecraft:obsidian":12,"minecraft:spruce_boat":2,"minecraft:wooden_axe":5,"minecraft:lantern":1,"minecraft:iron_axe":149,"minecraft:iron_helmet":2,"minecraft:iron_boots":1,"minecraft:item_frame":1,"minecraft:smooth_basalt":6,"minecraft:sweet_berries":5,"minecraft:furnace":4,"tombstone:gift":1,"minecraft:egg":1,"minecraft:stone_pressure_plate":1,"minecraft:cobbled_deepslate":41,"minecraft:iron_leggings":1,"minecraft:cooked_mutton":3,"minecraft:water_bucket":20,"minecraft:diorite":1,"minecraft:stone_pickaxe":353,"minecraft:baked_potato":14,"minecraft:oak_planks":29,"minecraft:blackstone":4,"minecraft:wooden_pickaxe":9,"minecraft:leather_boots":1,"minecraft:polished_blackstone_bricks":19,"minecraft:crafting_table":14,"minecraft:white_bed":8,"minecraft:diamond_pickaxe":33,"minecraft:cracked_polished_blackstone_bricks":10,"minecraft:bread":30,"minecraft:brown_wool":1,"minecraft:iron_pickaxe":183,"minecraft:leather_helmet":1,"minecraft:spruce_sapling":3,"minecraft:gravel":3,"minecraft:stone_axe":57,"travelersbackpack:standard":4,"minecraft:cobblestone":70,"minecraft:smithing_table":1,"minecraft:cooked_rabbit":2,"minecraft:bucket":21,"minecraft:waxed_cut_copper_stairs":1,"minecraft:oak_boat":3,"cyclic:copper_pickaxe":30},"minecraft:killed":{"minecraft:witch":1,"minecraft:horse":7,"minecraft:skeleton":5,"minecraft:chicken":1,"minecraft:rabbit":2,"minecraft:iron_golem":2,"minecraft:sheep":11,"minecraft:zombie":2,"minecraft:cow":1},"minecraft:mined":{"minecraft:spruce_planks":8,"minecraft:white_bed":6,"minecraft:deepslate_diamond_ore":7,"farmersdelight:wild_carrots":1,"minecraft:brewing_stand":1,"minecraft:obsidian":28,"minecraft:glow_lichen":1,"minecraft:granite":14,"minecraft:spruce_fence":1,"minecraft:grass_block":8,"minecraft:cracked_polished_blackstone_bricks":11,"minecraft:white_stained_glass":2,"minecraft:spruce_leaves":25,"minecraft:moss_block":2,"minecraft:oxeye_daisy":1,"minecraft:polished_blackstone_bricks":20,"minecraft:furnace":2,"minecraft:iron_ore":9,"minecraft:cobbled_deepslate":4,"minecraft:fire":8,"minecraft:snow":20,"minecraft:andesite":33,"cyclic:flower_cyan":30,"minecraft:deepslate_iron_ore":20,"minecraft:packed_ice":2,"minecraft:azalea_leaves":1,"minecraft:stone":215,"minecraft:waxed_cut_copper_stairs":2,"minecraft:smithing_table":1,"minecraft:deepslate_redstone_ore":11,"cyclic:flower_lime_carnation":47,"minecraft:flowering_azalea":1,"minecraft:redstone_block":1,"minecraft:blackstone":4,"minecraft:dandelion":3,"travelersbackpack:standard":4,"cyclic:flower_purple_tulip":5,"minecraft:powder_snow":152,"minecraft:oak_fence":2,"minecraft:crafting_table":7,"minecraft:torch":9,"minecraft:emerald_ore":1,"minecraft:poppy":3,"minecraft:nether_quartz_ore":14,"minecraft:tall_grass":2,"minecraft:copper_ore":7,"minecraft:cobblestone":1,"minecraft:deepslate_coal_ore":4,"minecraft:lapis_ore":5,"minecraft:deepslate_gold_ore":11,"minecraft:oak_planks":1,"minecraft:diorite":9,"minecraft:wall_torch":3,"minecraft:warped_nylium":28,"minecraft:spruce_log":40,"minecraft:birch_leaves":1,"minecraft:grass":36,"minecraft:oak_log":23,"minecraft:coal_ore":57,"minecraft:sand":45,"minecraft:gravel":6,"minecraft:cyan_carpet":2,"minecraft:dirt":18,"minecraft:smooth_basalt":7,"minecraft:netherrack":23,"minecraft:gold_ore":9,"minecraft:oak_leaves":1,"minecraft:deepslate":41},"minecraft:crafted":{"cyclic:copper_pickaxe":2,"minecraft:oak_planks":92,"minecraft:redstone":9,"travelersbackpack:crafting_upgrade":1,"minecraft:furnace":2,"travelersbackpack:blank_upgrade":4,"minecraft:cooked_mutton":5,"minecraft:flint_and_steel":1,"minecraft:glass":40,"minecraft:iron_boots":1,"minecraft:iron_axe":1,"minecraft:stone_pickaxe":3,"minecraft:chest":4,"minecraft:spruce_boat":1,"minecraft:redstone_block":2,"minecraft:cooked_rabbit":2,"minecraft:red_dye":2,"minecraft:crafting_table":8,"travelersbackpack:standard":2,"minecraft:spruce_planks":152,"travelersbackpack:backpack_tank":4,"minecraft:wooden_pickaxe":1,"minecraft:baked_potato":14,"minecraft:iron_helmet":1,"minecraft:smithing_table":1,"minecraft:red_wool":2,"minecraft:copper_ingot":26,"minecraft:bucket":1,"minecraft:stone_axe":1,"minecraft:air":0,"travelersbackpack:red_sleeping_bag":1,"minecraft:oak_boat":1,"minecraft:diamond_pickaxe":1,"minecraft:stick":40,"minecraft:iron_ingot":28,"minecraft:iron_pickaxe":1,"minecraft:wooden_axe":1,"minecraft:iron_shovel":1,"minecraft:iron_leggings":1,"minecraft:gold_ingot":19,"minecraft:white_bed":2,"minecraft:torch":68,"minecraft:lapis_block":2},"minecraft:broken":{"minecraft:stone_pickaxe":2},"minecraft:custom":{"minecraft:interact_with_smithing_table":2,"minecraft:mob_kills":32,"minecraft:interact_with_crafting_table":49,"minecraft:bell_ring":23,"minecraft:eat_cake_slice":4,"minecraft:leave_game":1,"minecraft:time_since_death":218797,"minecraft:climb_one_cm":1712,"minecraft:sprint_one_cm":420342,"minecraft:walk_one_cm":513044,"minecraft:drop":59,"minecraft:talked_to_villager":9,"minecraft:play_time":225798,"minecraft:deaths":1,"minecraft:sneak_time":10356,"minecraft:walk_under_water_one_cm":20236,"minecraft:boat_one_cm":188453,"minecraft:jump":3644,"minecraft:walk_on_water_one_cm":24581,"minecraft:total_world_time":225798,"minecraft:interact_with_furnace":45,"tombstone:raider_killed":1,"minecraft:interact_with_cartography_table":1,"minecraft:sleep_in_bed":14,"minecraft:time_since_rest":1390,"minecraft:damage_taken":1862,"minecraft:damage_dealt":6599,"minecraft:swim_one_cm":11839,"minecraft:fly_one_cm":816830,"minecraft:open_chest":25,"minecraft:crouch_one_cm":32489,"tombstone:undead_killed":7,"minecraft:fall_one_cm":99909},"minecraft:dropped":{"minecraft:moss_block":4,"minecraft:wheat_seeds":3,"minecraft:lapis_lazuli":1,"minecraft:warped_fungus":1,"minecraft:oak_fence":2,"minecraft:feather":1,"minecraft:cobblestone":103,"minecraft:warped_roots":3,"minecraft:item_frame":1,"minecraft:oxeye_daisy":1,"minecraft:dirt":1,"minecraft:diorite":8,"minecraft:wooden_axe":1,"minecraft:snowball":9,"farmersdelight:onion":1,"minecraft:flowering_azalea":1,"cyclic:copper_pickaxe":1,"minecraft:iron_shovel":1,"minecraft:dandelion":3,"minecraft:cyan_carpet":2,"minecraft:gold_ingot":1,"minecraft:bone":2,"minecraft:gravel":3,"minecraft:waxed_cut_copper_stairs":1,"minecraft:stone_axe":1,"minecraft:twisting_vines":1,"minecraft:chicken":1,"minecraft:carrot":1,"minecraft:rabbit_hide":4,"minecraft:andesite":30,"minecraft:wooden_pickaxe":1,"minecraft:arrow":4,"minecraft:bow":1,"minecraft:stone_pickaxe":1},"minecraft:picked_up":{"minecraft:crafting_table":7,"minecraft:redstone_block":1,"minecraft:chicken":1,"minecraft:smithing_table":1,"minecraft:brewing_stand":1,"minecraft:raw_copper":26,"minecraft:item_frame":2,"minecraft:iron_shovel":1,"minecraft:blackstone":4,"minecraft:cyan_carpet":2,"cyclic:flower_lime_carnation":43,"minecraft:cobbled_deepslate":41,"minecraft:spruce_planks":6,"minecraft:beef":1,"minecraft:oak_boat":2,"minecraft:poppy":6,"minecraft:egg":1,"minecraft:furnace":2,"minecraft:stick":1,"minecraft:raw_iron":28,"minecraft:oak_fence":2,"minecraft:torch":18,"minecraft:spruce_fence":1,"minecraft:polished_blackstone_bricks":19,"minecraft:diorite":9,"minecraft:carrot":1,"minecraft:redstone":49,"minecraft:stone_pressure_plate":1,"minecraft:waxed_cut_copper_stairs":2,"minecraft:arrow":4,"minecraft:rotten_flesh":2,"mowziesmobs:ice_crystal":1,"minecraft:gold_ingot":2,"minecraft:obsidian":28,"minecraft:mutton":16,"minecraft:snowball":25,"minecraft:white_wool":10,"minecraft:cobblestone":201,"minecraft:oxeye_daisy":1,"minecraft:feather":1,"minecraft:glow_ink_sac":2,"minecraft:andesite":30,"minecraft:brown_wool":1,"minecraft:leather":12,"minecraft:oak_log":23,"minecraft:dirt":24,"minecraft:lapis_lazuli":36,"minecraft:lantern":1,"cyclic:flower_cyan":30,"minecraft:twisting_vines":1,"minecraft:cooked_mutton":1,"minecraft:bone":2,"minecraft:bow":1,"cyclic:flower_purple_tulip":5,"minecraft:wheat_seeds":4,"minecraft:raw_gold":19,"minecraft:rabbit_hide":4,"minecraft:iron_ingot":11,"minecraft:rabbit":2,"minecraft:moss_block":4,"minecraft:iron_sword":1,"minecraft:flowering_azalea":1,"minecraft:oak_planks":1,"minecraft:warped_fungus":1,"minecraft:smooth_basalt":6,"minecraft:sweet_berries":5,"minecraft:quartz":14,"minecraft:dandelion":3,"minecraft:gravel":6,"minecraft:sand":44,"minecraft:spruce_sapling":3,"minecraft:white_bed":6,"minecraft:spruce_log":38,"travelersbackpack:standard":4,"minecraft:bundle":1,"minecraft:spruce_boat":1,"minecraft:diamond":7,"minecraft:cracked_polished_blackstone_bricks":10,"minecraft:granite":14,"minecraft:warped_roots":3,"minecraft:emerald":2,"minecraft:bread":30,"minecraft:netherrack":46,"minecraft:coal":61}},"DataVersion":3465}