{"stats":{"minecraft:used":{"minecraft:iron_shovel":220,"cyclic:solidifier":1,"minecraft:poppy":4,"minecraft:chest":3,"minecraft:iron_sword":237,"minecraft:carrot":29,"minecraft:snowball":25,"minecraft:obsidian":12,"minecraft:spruce_boat":2,"minecraft:lantern":1,"minecraft:iron_helmet":2,"minecraft:item_frame":1,"minecraft:netherite_boots":1,"minecraft:sweet_berries":5,"cyclic:melter":1,"minecraft:furnace":7,"minecraft:egg":2,"minecraft:diorite":6,"minecraft:spruce_door":1,"minecraft:stone_pickaxe":353,"minecraft:mangrove_planks":1,"minecraft:oak_planks":86,"minecraft:blackstone":4,"minecraft:wooden_pickaxe":9,"minecraft:golden_apple":3,"minecraft:stripped_mangrove_wood":3,"minecraft:dark_oak_trapdoor":1,"minecraft:sand":151,"minecraft:dripstone_block":3,"minecraft:bread":47,"minecraft:brown_wool":1,"tombstone:grave_key":1,"minecraft:gravel":3,"minecraft:diamond_sword":112,"minecraft:smithing_table":1,"minecraft:cooked_rabbit":2,"minecraft:andesite":4,"minecraft:oak_boat":5,"minecraft:waxed_cut_copper_stairs":1,"cyclic:copper_pickaxe":190,"travelersbackpack:blaze":2,"minecraft:flint_and_steel":1,"minecraft:spruce_planks":98,"minecraft:netherrack":46,"minecraft:torch":177,"minecraft:dirt":38,"minecraft:cod_bucket":3,"minecraft:golden_chestplate":3,"minecraft:granite":15,"minecraft:spruce_fence":1,"minecraft:shroomlight":2,"minecraft:dark_oak_planks":1,"minecraft:wooden_axe":5,"minecraft:iron_axe":380,"minecraft:iron_boots":1,"minecraft:smooth_basalt":6,"minecraft:tripwire_hook":1,"minecraft:netherite_pickaxe":1,"tombstone:gift":7,"minecraft:stone_pressure_plate":1,"minecraft:cooked_beef":1,"minecraft:acacia_planks":22,"minecraft:cobbled_deepslate":51,"minecraft:iron_leggings":1,"minecraft:pointed_dripstone":6,"minecraft:calcite":20,"minecraft:cooked_mutton":17,"minecraft:water_bucket":59,"minecraft:baked_potato":14,"minecraft:leather_boots":1,"minecraft:polished_blackstone_bricks":19,"minecraft:crafting_table":14,"minecraft:white_bed":8,"minecraft:cake":4,"tombstone:bag_of_seeds":3,"minecraft:dark_prismarine":13,"minecraft:diamond_pickaxe":33,"minecraft:cracked_polished_blackstone_bricks":10,"minecraft:iron_pickaxe":468,"minecraft:leather_helmet":1,"minecraft:spruce_sapling":3,"minecraft:stone_axe":57,"minecraft:fishing_rod":7,"minecraft:cobblestone":106,"travelersbackpack:standard":10,"minecraft:bucket":44,"minecraft:pumpkin_pie":3,"minecraft:dandelion":2},"minecraft:killed":{"minecraft:witch":1,"minecraft:spider":4,"minecraft:skeleton":17,"minecraft:chicken":1,"minecraft:iron_golem":2,"minecraft:creeper":2,"minecraft:sheep":11,"minecraft:zombie":23,"minecraft:cow":1,"minecraft:phantom":1,"minecraft:horse":7,"minecraft:drowned":2,"minecraft:husk":35,"minecraft:rabbit":2,"minecraft:bat":1,"minecraft:wither_skeleton":3},"minecraft:mined":{"minecraft:dark_oak_planks":38,"minecraft:waxed_cut_copper_slab":1,"minecraft:spruce_planks":18,"minecraft:white_bed":6,"travelersbackpack:blaze":3,"minecraft:brewing_stand":1,"minecraft:obsidian":28,"minecraft:granite":16,"minecraft:grass_block":14,"minecraft:cracked_polished_blackstone_bricks":11,"minecraft:oxeye_daisy":1,"minecraft:spawner":10,"minecraft:polished_blackstone_bricks":20,"minecraft:dark_oak_trapdoor":3,"minecraft:iron_ore":106,"minecraft:fire":8,"minecraft:cobbled_deepslate":6,"minecraft:nether_brick_stairs":1,"minecraft:stripped_dark_oak_wood":1,"cyclic:flower_cyan":30,"minecraft:dark_oak_stairs":6,"minecraft:pointed_dripstone":1,"minecraft:spruce_wood":13,"minecraft:azalea_leaves":1,"minecraft:stripped_mangrove_wood":3,"minecraft:spruce_slab":3,"minecraft:waxed_cut_copper_stairs":2,"minecraft:deepslate_redstone_ore":26,"cyclic:flower_lime_carnation":47,"minecraft:blackstone":4,"minecraft:powder_snow":152,"minecraft:torch":13,"minecraft:poppy":3,"minecraft:calcite":20,"minecraft:nether_brick_slab":3,"minecraft:nether_quartz_ore":14,"minecraft:cobblestone":1,"minecraft:oak_planks":3,"minecraft:wall_torch":6,"minecraft:deepslate_copper_ore":2,"minecraft:warped_nylium":28,"minecraft:dark_oak_slab":1,"minecraft:birch_trapdoor":1,"minecraft:grass":46,"minecraft:oak_log":34,"minecraft:sand":197,"minecraft:dirt":27,"minecraft:smooth_basalt":7,"minecraft:tripwire_hook":1,"minecraft:netherrack":23,"minecraft:oak_leaves":5,"minecraft:deepslate":47,"minecraft:dark_prismarine":13,"minecraft:deepslate_diamond_ore":9,"farmersdelight:wild_carrots":1,"minecraft:glow_lichen":1,"minecraft:spruce_fence":1,"minecraft:white_stained_glass":2,"minecraft:spruce_leaves":25,"minecraft:moss_block":2,"minecraft:furnace":2,"minecraft:snow":20,"minecraft:acacia_wood":5,"minecraft:andesite":37,"minecraft:shroomlight":2,"minecraft:deepslate_iron_ore":31,"minecraft:packed_ice":2,"minecraft:smooth_quartz_stairs":1,"minecraft:stone":362,"minecraft:smithing_table":1,"minecraft:redstone_block":1,"minecraft:flowering_azalea":1,"cyclic:flower_purple_tulip":5,"minecraft:dandelion":3,"travelersbackpack:standard":6,"minecraft:oak_fence":2,"minecraft:crafting_table":7,"minecraft:emerald_ore":1,"minecraft:copper_ore":11,"minecraft:tall_grass":2,"minecraft:deepslate_coal_ore":4,"minecraft:deepslate_gold_ore":14,"minecraft:lapis_ore":17,"minecraft:diorite":14,"minecraft:gray_wool":1,"minecraft:black_stained_glass":3,"minecraft:birch_planks":2,"minecraft:spruce_log":40,"minecraft:birch_leaves":1,"minecraft:mangrove_planks":1,"minecraft:coal_ore":101,"minecraft:cyan_carpet":2,"minecraft:gravel":6,"minecraft:dripstone_block":2,"minecraft:gray_carpet":2,"minecraft:acacia_planks":4,"minecraft:gold_ore":16},"minecraft:killed_by":{"minecraft:husk":3},"minecraft:crafted":{"cyclic:copper_pickaxe":2,"minecraft:oak_planks":136,"travelersbackpack:crafting_upgrade":1,"minecraft:stone":18,"minecraft:cooked_mutton":16,"cyclic:melter":1,"minecraft:glass":40,"minecraft:iron_boots":1,"tombstone:grave_key":1,"minecraft:stone_pressure_plate":4,"minecraft:chest":5,"minecraft:cooked_rabbit":2,"minecraft:emerald":2,"minecraft:crafting_table":8,"minecraft:spruce_planks":200,"minecraft:iron_helmet":1,"minecraft:baked_potato":14,"minecraft:wooden_pickaxe":1,"travelersbackpack:standard":2,"minecraft:smithing_table":1,"minecraft:red_wool":2,"minecraft:copper_ingot":66,"travelersbackpack:red_sleeping_bag":1,"minecraft:diamond_pickaxe":1,"minecraft:stick":76,"minecraft:iron_ingot":149,"minecraft:iron_pickaxe":2,"minecraft:gold_ingot":19,"minecraft:redstone":9,"minecraft:furnace":6,"cyclic:solidifier":1,"travelersbackpack:blank_upgrade":4,"minecraft:flint_and_steel":1,"minecraft:iron_axe":3,"minecraft:stone_pickaxe":3,"minecraft:spruce_boat":1,"cyclic:obsidian_pressure_plate":4,"minecraft:redstone_block":9,"cyclic:compressed_cobblestone":1,"minecraft:cooked_beef":1,"minecraft:red_dye":2,"minecraft:diamond_sword":1,"travelersbackpack:backpack_tank":4,"minecraft:bucket":1,"minecraft:stone_axe":1,"minecraft:air":0,"minecraft:oak_boat":3,"minecraft:wooden_axe":1,"minecraft:iron_shovel":2,"minecraft:iron_leggings":1,"minecraft:white_bed":2,"minecraft:acacia_planks":20,"minecraft:torch":164,"minecraft:lapis_block":2},"minecraft:broken":{"minecraft:stone_pickaxe":2,"minecraft:iron_axe":2,"minecraft:leather_boots":1,"cyclic:copper_pickaxe":1},"minecraft:custom":{"minecraft:interact_with_crafting_table":56,"minecraft:open_barrel":10,"goblintraders:trade_with_goblin":71,"minecraft:bell_ring":23,"minecraft:eat_cake_slice":10,"minecraft:leave_game":1,"minecraft:time_since_death":85042,"minecraft:sprint_one_cm":616372,"minecraft:drop":99,"minecraft:talked_to_villager":9,"minecraft:play_time":399798,"minecraft:deaths":4,"minecraft:jump":5679,"minecraft:walk_on_water_one_cm":75166,"minecraft:interact_with_furnace":68,"minecraft:interact_with_cartography_table":1,"minecraft:sleep_in_bed":21,"minecraft:damage_dealt":29915,"minecraft:crouch_one_cm":77331,"tombstone:undead_killed":81,"minecraft:interact_with_smithing_table":2,"minecraft:mob_kills":115,"minecraft:climb_one_cm":2792,"minecraft:walk_one_cm":999436,"minecraft:sneak_time":26314,"minecraft:walk_under_water_one_cm":99706,"minecraft:boat_one_cm":338393,"minecraft:interact_with_blast_furnace":1,"minecraft:total_world_time":399798,"tombstone:raider_killed":2,"minecraft:time_since_rest":28211,"minecraft:damage_taken":5906,"minecraft:damage_absorbed":24,"minecraft:swim_one_cm":62275,"minecraft:fly_one_cm":1135558,"minecraft:open_chest":32,"minecraft:fish_caught":3,"minecraft:fall_one_cm":150480},"minecraft:dropped":{"minecraft:iron_sword":1,"minecraft:moss_block":4,"minecraft:lapis_lazuli":1,"minecraft:warped_fungus":1,"minecraft:warped_roots":3,"minecraft:item_frame":1,"minecraft:dirt":1,"minecraft:snowball":9,"minecraft:pumpkin_pie":4,"farmersdelight:onion":1,"minecraft:iron_pickaxe":2,"minecraft:cyan_carpet":2,"minecraft:bone":6,"minecraft:gold_ingot":1,"minecraft:gravel":3,"minecraft:stone_axe":1,"minecraft:waxed_cut_copper_stairs":1,"minecraft:golden_chestplate":1,"minecraft:twisting_vines":1,"minecraft:netherite_sword":1,"minecraft:pointed_dripstone":1,"minecraft:rotten_flesh":15,"minecraft:white_bed":1,"minecraft:carrot":1,"minecraft:rabbit_hide":4,"minecraft:melon_seeds":1,"minecraft:arrow":7,"minecraft:wheat_seeds":7,"minecraft:oak_fence":2,"minecraft:feather":1,"minecraft:cobblestone":103,"minecraft:oxeye_daisy":1,"minecraft:diorite":8,"minecraft:wooden_axe":1,"minecraft:flowering_azalea":1,"cyclic:copper_pickaxe":1,"minecraft:iron_shovel":1,"minecraft:dandelion":3,"minecraft:chicken":1,"minecraft:andesite":30,"minecraft:spider_eye":1,"minecraft:stone_pickaxe":1,"minecraft:bow":1,"minecraft:wooden_pickaxe":1,"minecraft:calcite":2},"minecraft:picked_up":{"minecraft:redstone_block":1,"minecraft:smithing_table":1,"minecraft:enchanted_book":1,"minecraft:brewing_stand":1,"minecraft:dark_oak_trapdoor":3,"minecraft:string":6,"minecraft:waxed_cut_copper_slab":1,"minecraft:raw_copper":46,"minecraft:shroomlight":2,"travelersbackpack:blaze":4,"minecraft:cobbled_deepslate":51,"minecraft:spruce_planks":14,"minecraft:calcite":22,"minecraft:furnace":2,"minecraft:stick":2,"minecraft:birch_trapdoor":1,"minecraft:oak_fence":2,"minecraft:torch":26,"minecraft:pointed_dripstone":8,"tombstone:grave_dust":22,"minecraft:diorite":14,"minecraft:golden_chestplate":1,"minecraft:waxed_cut_copper_stairs":2,"minecraft:rotten_flesh":49,"minecraft:obsidian":28,"minecraft:cod":1,"minecraft:snowball":25,"minecraft:cobblestone":360,"minecraft:leather_chestplate":1,"minecraft:feather":1,"minecraft:andesite":34,"minecraft:brown_wool":1,"minecraft:lapis_lazuli":115,"minecraft:dirt":39,"minecraft:lantern":1,"cyclic:flower_cyan":30,"minecraft:twisting_vines":1,"minecraft:bone":7,"minecraft:acacia_planks":2,"minecraft:bow":1,"minecraft:wheat_seeds":7,"minecraft:raw_gold":29,"minecraft:rabbit":2,"minecraft:moss_block":4,"minecraft:oak_planks":3,"minecraft:sand":195,"minecraft:nether_brick_stairs":1,"minecraft:dark_prismarine":13,"minecraft:bundle":3,"minecraft:diamond":9,"minecraft:spruce_boat":1,"minecraft:cracked_polished_blackstone_bricks":10,"minecraft:granite":15,"minecraft:bread":46,"minecraft:emerald":2,"minecraft:netherrack":46,"minecraft:fishing_rod":1,"minecraft:crafting_table":7,"minecraft:chicken":1,"minecraft:item_frame":2,"minecraft:iron_shovel":1,"minecraft:cyan_carpet":18,"minecraft:blackstone":4,"cyclic:flower_lime_carnation":43,"minecraft:netherite_sword":1,"minecraft:beef":1,"minecraft:oak_boat":2,"minecraft:poppy":6,"minecraft:egg":2,"minecraft:raw_iron":134,"minecraft:stripped_mangrove_wood":3,"minecraft:spruce_fence":1,"minecraft:polished_blackstone_bricks":19,"minecraft:carrot":26,"minecraft:redstone":117,"minecraft:stone_pressure_plate":1,"minecraft:dark_oak_planks":1,"minecraft:arrow":16,"mowziesmobs:ice_crystal":1,"minecraft:stripped_dark_oak_wood":1,"minecraft:gold_ingot":2,"minecraft:mutton":16,"minecraft:white_wool":10,"minecraft:oxeye_daisy":1,"minecraft:netherite_boots":1,"minecraft:glow_ink_sac":2,"minecraft:tripwire_hook":1,"minecraft:salmon":2,"minecraft:leather":12,"minecraft:acacia_wood":5,"minecraft:birch_planks":2,"minecraft:oak_log":34,"minecraft:gunpowder":5,"minecraft:cooked_mutton":1,"minecraft:gray_carpet":2,"cyclic:flower_purple_tulip":5,"minecraft:spruce_wood":12,"minecraft:rabbit_hide":4,"minecraft:iron_ingot":11,"tombstone:bag_of_seeds":2,"minecraft:mangrove_planks":1,"minecraft:iron_sword":1,"minecraft:flowering_azalea":1,"minecraft:smooth_basalt":6,"minecraft:warped_fungus":1,"minecraft:sweet_berries":5,"minecraft:quartz":14,"minecraft:dandelion":5,"minecraft:dripstone_block":3,"minecraft:gravel":6,"minecraft:spruce_sapling":3,"minecraft:white_bed":7,"minecraft:spruce_log":38,"minecraft:nether_brick_slab":3,"minecraft:spruce_door":1,"minecraft:spider_eye":1,"travelersbackpack:standard":6,"minecraft:gray_wool":1,"minecraft:warped_roots":3,"tombstone:magic_scroll":1,"minecraft:coal":105}},"DataVersion":3465}