{"stats":{"minecraft:mined":{"cyclic:flower_lime_carnation":1,"minecraft:spruce_planks":5,"minecraft:white_bed":2,"minecraft:red_bed":2,"minecraft:snow_block":157,"minecraft:powder_snow":61,"minecraft:crafting_table":8,"minecraft:torch":9,"minecraft:blast_furnace":2,"minecraft:emerald_ore":1,"minecraft:chest":1,"minecraft:white_stained_glass":1,"minecraft:cobblestone":4,"minecraft:spruce_leaves":2,"minecraft:iron_door":1,"minecraft:wall_torch":14,"minecraft:smooth_stone":4,"minecraft:hay_block":12,"minecraft:furnace":6,"minecraft:iron_ore":16,"minecraft:snow":6,"minecraft:white_carpet":2,"minecraft:spruce_log":29,"minecraft:gold_block":2,"minecraft:grass":2,"minecraft:coal_ore":77,"minecraft:iron_bars":3,"minecraft:packed_ice":16,"minecraft:stone_bricks":1,"minecraft:stone":133},"minecraft:picked_up":{"minecraft:crafting_table":8,"minecraft:iron_door":1,"minecraft:gold_block":2,"minecraft:brewing_stand":1,"minecraft:red_bed":2,"minecraft:string":2,"minecraft:iron_axe":1,"minecraft:white_carpet":2,"minecraft:leather_boots":1,"minecraft:experience_bottle":2,"minecraft:bone":2,"cyclic:flower_lime_carnation":1,"minecraft:stone_bricks":1,"minecraft:smooth_stone":4,"minecraft:rabbit_hide":13,"minecraft:spruce_planks":5,"minecraft:iron_ingot":2,"minecraft:stone_pickaxe":2,"minecraft:rabbit":17,"minecraft:sugar_cane":5,"minecraft:chest":1,"minecraft:furnace":6,"minecraft:raw_iron":16,"minecraft:stick":2,"minecraft:torch":22,"minecraft:stone_button":1,"minecraft:spruce_sapling":2,"minecraft:blast_furnace":2,"tombstone:grave_dust":1,"minecraft:white_bed":3,"minecraft:spruce_log":28,"minecraft:rabbit_foot":1,"minecraft:bundle":1,"minecraft:rotten_flesh":8,"minecraft:writable_book":2,"minecraft:hay_block":13,"minecraft:crossbow":1,"minecraft:gold_ingot":1,"minecraft:emerald":6,"minecraft:bread":6,"tombstone:magic_scroll":1,"minecraft:iron_bars":2,"minecraft:snowball":222,"minecraft:coal":142,"minecraft:cobblestone":131},"minecraft:dropped":{"minecraft:iron_ingot":3,"minecraft:rotten_flesh":4,"minecraft:snowball":28,"minecraft:stone_pickaxe":1},"minecraft:custom":{"minecraft:interact_with_furnace":35,"minecraft:mob_kills":42,"tombstone:raider_killed":16,"minecraft:interact_with_crafting_table":16,"minecraft:leave_game":1,"minecraft:time_since_death":31249,"minecraft:sleep_in_bed":3,"minecraft:climb_one_cm":7248,"minecraft:time_since_rest":6288,"minecraft:sprint_one_cm":279626,"minecraft:damage_taken":2030,"minecraft:walk_one_cm":336685,"minecraft:drop":10,"minecraft:damage_dealt":5690,"minecraft:talked_to_villager":4,"minecraft:swim_one_cm":27838,"minecraft:fly_one_cm":308484,"minecraft:open_chest":8,"minecraft:crouch_one_cm":379,"minecraft:play_time":98156,"tombstone:undead_killed":6,"minecraft:deaths":2,"minecraft:sneak_time":528,"minecraft:walk_under_water_one_cm":5231,"minecraft:interact_with_lectern":1,"minecraft:interact_with_brewingstand":1,"minecraft:jump":1550,"minecraft:interact_with_blast_furnace":9,"minecraft:walk_on_water_one_cm":15861,"minecraft:total_world_time":98156,"minecraft:fall_one_cm":30070},"minecraft:killed":{"minecraft:zombie_villager":1,"minecraft:rabbit":16,"minecraft:spider":1,"minecraft:skeleton":1,"minecraft:pillager":16,"minecraft:goat":1,"minecraft:zombie":4},"minecraft:crafted":{"minecraft:sugar":2,"minecraft:crafting_table":1,"minecraft:spruce_planks":108,"minecraft:iron_helmet":1,"minecraft:wooden_pickaxe":1,"minecraft:baked_potato":5,"minecraft:furnace":1,"minecraft:stone_axe":2,"minecraft:bread":4,"minecraft:air":0,"minecraft:iron_chestplate":1,"minecraft:golden_apple":2,"minecraft:stick":56,"minecraft:iron_ingot":22,"minecraft:iron_pickaxe":1,"minecraft:stone_pickaxe":2,"minecraft:wooden_axe":1,"minecraft:iron_shovel":1,"minecraft:gold_ingot":18,"minecraft:dark_oak_planks":12,"minecraft:torch":40,"minecraft:cooked_rabbit":13,"minecraft:wheat":117},"minecraft:broken":{"minecraft:stone_pickaxe":1,"minecraft:stone_axe":2,"minecraft:wooden_axe":1,"minecraft:wooden_pickaxe":1},"minecraft:used":{"minecraft:iron_shovel":168,"minecraft:rabbit":4,"minecraft:stone_pickaxe":211,"minecraft:baked_potato":5,"minecraft:spruce_planks":7,"minecraft:wooden_pickaxe":59,"minecraft:rotten_flesh":4,"minecraft:iron_chestplate":1,"minecraft:torch":25,"farmersdelight:onion":30,"minecraft:crafting_table":8,"minecraft:red_bed":1,"minecraft:blast_furnace":1,"minecraft:white_bed":3,"minecraft:snowball":185,"minecraft:spruce_log":1,"cyclic:flower_lime_carnation":1,"minecraft:wooden_axe":37,"minecraft:bread":11,"minecraft:iron_pickaxe":8,"minecraft:iron_helmet":1,"minecraft:stone_axe":154,"minecraft:cobblestone":77,"minecraft:furnace":7,"minecraft:goat_horn":1,"minecraft:cooked_rabbit":13,"tombstone:gift":3,"minecraft:potato":2,"minecraft:experience_bottle":4}},"DataVersion":3465}