{"stats":{"minecraft:mined":{"minecraft:spruce_planks":5,"minecraft:powder_snow":56,"minecraft:crafting_table":5,"minecraft:torch":7,"minecraft:chest":1,"minecraft:cobblestone":3,"minecraft:spruce_leaves":2,"minecraft:wall_torch":8,"minecraft:furnace":3,"minecraft:iron_ore":1,"minecraft:spruce_log":29,"minecraft:coal_ore":77,"minecraft:stone":124},"minecraft:picked_up":{"minecraft:crafting_table":5,"minecraft:string":2,"minecraft:bone":2,"minecraft:rabbit_hide":4,"minecraft:spruce_planks":5,"minecraft:iron_ingot":2,"minecraft:rabbit":5,"minecraft:chest":1,"minecraft:furnace":3,"minecraft:raw_iron":1,"minecraft:stick":2,"minecraft:torch":15,"minecraft:spruce_sapling":2,"tombstone:grave_dust":1,"minecraft:spruce_log":28,"minecraft:bundle":1,"minecraft:rotten_flesh":8,"minecraft:hay_block":1,"minecraft:crossbow":1,"minecraft:bread":5,"tombstone:magic_scroll":1,"minecraft:coal":76,"minecraft:cobblestone":123},"minecraft:dropped":{"minecraft:iron_ingot":3,"minecraft:rotten_flesh":4},"minecraft:custom":{"minecraft:interact_with_furnace":16,"minecraft:mob_kills":28,"tombstone:raider_killed":16,"minecraft:interact_with_crafting_table":10,"minecraft:time_since_death":12501,"minecraft:time_since_rest":11940,"minecraft:sprint_one_cm":125447,"minecraft:damage_taken":1540,"minecraft:walk_one_cm":189292,"minecraft:drop":7,"minecraft:damage_dealt":4984,"minecraft:swim_one_cm":23225,"minecraft:fly_one_cm":165863,"minecraft:open_chest":2,"minecraft:crouch_one_cm":280,"minecraft:play_time":50930,"tombstone:undead_killed":5,"minecraft:deaths":1,"minecraft:sneak_time":420,"minecraft:walk_under_water_one_cm":2746,"minecraft:jump":778,"minecraft:walk_on_water_one_cm":7504,"minecraft:total_world_time":50930,"minecraft:fall_one_cm":10874},"minecraft:killed":{"minecraft:rabbit":5,"minecraft:spider":1,"minecraft:skeleton":1,"minecraft:pillager":16,"minecraft:zombie":4},"minecraft:crafted":{"minecraft:crafting_table":1,"minecraft:spruce_planks":108,"minecraft:wooden_pickaxe":1,"minecraft:baked_potato":5,"minecraft:furnace":1,"minecraft:stone_axe":2,"minecraft:bread":4,"minecraft:stick":56,"minecraft:iron_ingot":7,"minecraft:iron_pickaxe":1,"minecraft:stone_pickaxe":2,"minecraft:wooden_axe":1,"minecraft:dark_oak_planks":12,"minecraft:torch":40,"minecraft:cooked_rabbit":1,"minecraft:wheat":9},"minecraft:broken":{"minecraft:stone_pickaxe":1,"minecraft:stone_axe":1,"minecraft:wooden_axe":1,"minecraft:wooden_pickaxe":1},"minecraft:used":{"minecraft:rabbit":4,"minecraft:stone_pickaxe":156,"minecraft:baked_potato":5,"minecraft:spruce_planks":7,"minecraft:wooden_pickaxe":59,"minecraft:rotten_flesh":2,"minecraft:torch":17,"farmersdelight:onion":30,"minecraft:crafting_table":5,"minecraft:spruce_log":1,"minecraft:wooden_axe":37,"minecraft:bread":9,"minecraft:stone_axe":115,"minecraft:cobblestone":6,"minecraft:furnace":3,"minecraft:goat_horn":1,"minecraft:cooked_rabbit":1,"tombstone:gift":3,"minecraft:potato":2,"minecraft:experience_bottle":2}},"DataVersion":3465}