{"stats":{"minecraft:used":{"minecraft:iron_shovel":168,"minecraft:spruce_planks":7,"minecraft:rotten_flesh":4,"minecraft:iron_chestplate":1,"minecraft:torch":33,"minecraft:snowball":185,"cyclic:flower_lime_carnation":1,"minecraft:wooden_axe":37,"minecraft:iron_axe":143,"minecraft:iron_helmet":1,"minecraft:furnace":7,"minecraft:goat_horn":1,"tombstone:gift":3,"minecraft:potato":58,"minecraft:rabbit":4,"minecraft:baked_potato":5,"minecraft:stone_pickaxe":227,"minecraft:wooden_pickaxe":59,"farmersdelight:onion":30,"minecraft:crafting_table":10,"minecraft:red_bed":2,"minecraft:blast_furnace":1,"minecraft:white_bed":3,"minecraft:smoker":1,"minecraft:spruce_log":1,"minecraft:bread":18,"minecraft:iron_pickaxe":8,"minecraft:stone_axe":154,"minecraft:cobblestone":77,"minecraft:cooked_rabbit":13,"minecraft:experience_bottle":4},"minecraft:killed":{"minecraft:spider":3,"minecraft:skeleton":9,"minecraft:zombie_villager":2,"minecraft:rabbit":16,"mowziesmobs:lantern":1,"minecraft:pillager":16,"minecraft:goat":1,"minecraft:zombie":6,"minecraft:wither_skeleton":5},"minecraft:mined":{"minecraft:spruce_planks":5,"farmersdelight:onions":28,"minecraft:white_bed":2,"minecraft:white_stained_glass":1,"minecraft:spruce_leaves":2,"minecraft:hay_block":12,"minecraft:smooth_stone":4,"minecraft:furnace":7,"minecraft:iron_ore":16,"minecraft:snow":6,"minecraft:gold_block":2,"minecraft:potatoes":28,"minecraft:iron_bars":3,"minecraft:lantern":1,"minecraft:packed_ice":16,"minecraft:stone":133,"cyclic:flower_lime_carnation":1,"minecraft:red_bed":3,"minecraft:smoker":1,"minecraft:snow_block":157,"minecraft:powder_snow":61,"minecraft:crafting_table":10,"minecraft:torch":10,"minecraft:blast_furnace":2,"minecraft:emerald_ore":1,"minecraft:chest":1,"minecraft:cobblestone":4,"minecraft:iron_door":1,"minecraft:wall_torch":17,"minecraft:white_carpet":2,"minecraft:spruce_log":36,"minecraft:grass":2,"minecraft:coal_ore":90,"minecraft:stone_bricks":1},"minecraft:crafted":{"minecraft:furnace":1,"minecraft:stone_pickaxe":2,"minecraft:dark_oak_planks":12,"minecraft:cooked_rabbit":13,"minecraft:smoker":1,"minecraft:wheat":117,"minecraft:sugar":2,"minecraft:crafting_table":1,"minecraft:spruce_planks":108,"minecraft:wooden_pickaxe":1,"minecraft:baked_potato":57,"minecraft:iron_helmet":1,"minecraft:stone_axe":2,"minecraft:bread":40,"minecraft:air":0,"minecraft:iron_chestplate":1,"minecraft:golden_apple":2,"minecraft:stick":56,"minecraft:iron_ingot":22,"minecraft:iron_pickaxe":1,"minecraft:wooden_axe":1,"minecraft:iron_shovel":1,"minecraft:gold_ingot":18,"minecraft:torch":40},"minecraft:broken":{"minecraft:wooden_pickaxe":1,"minecraft:stone_pickaxe":1,"minecraft:stone_axe":2,"minecraft:wooden_axe":1},"minecraft:custom":{"minecraft:interact_with_smithing_table":2,"minecraft:mob_kills":61,"minecraft:interact_with_anvil":1,"minecraft:interact_with_crafting_table":25,"minecraft:open_barrel":11,"minecraft:leave_game":3,"minecraft:time_since_death":72617,"minecraft:climb_one_cm":8820,"minecraft:sprint_one_cm":353521,"minecraft:walk_one_cm":450075,"minecraft:drop":16,"minecraft:talked_to_villager":4,"minecraft:play_time":139524,"minecraft:deaths":2,"minecraft:sneak_time":567,"minecraft:walk_under_water_one_cm":7609,"minecraft:interact_with_lectern":1,"minecraft:jump":1838,"minecraft:interact_with_brewingstand":1,"minecraft:interact_with_blast_furnace":12,"minecraft:walk_on_water_one_cm":17979,"minecraft:total_world_time":139524,"minecraft:interact_with_furnace":35,"tombstone:raider_killed":16,"minecraft:sleep_in_bed":4,"minecraft:time_since_rest":36598,"minecraft:damage_taken":2326,"minecraft:damage_dealt":10079,"minecraft:swim_one_cm":27838,"minecraft:fly_one_cm":698656,"minecraft:open_chest":18,"minecraft:crouch_one_cm":566,"tombstone:undead_killed":22,"minecraft:interact_with_smoker":9,"minecraft:fall_one_cm":34170},"minecraft:dropped":{"minecraft:iron_ingot":3,"minecraft:golden_apple":3,"minecraft:snowball":28,"minecraft:iron_axe":1,"minecraft:white_carpet":2,"minecraft:rotten_flesh":4,"minecraft:stone_pickaxe":1},"minecraft:picked_up":{"minecraft:crafting_table":10,"minecraft:gold_block":2,"minecraft:brewing_stand":1,"minecraft:string":3,"minecraft:red_bed":3,"minecraft:iron_axe":2,"minecraft:white_carpet":4,"minecraft:experience_bottle":2,"cyclic:flower_lime_carnation":1,"minecraft:smooth_stone":4,"minecraft:spruce_planks":5,"minecraft:sugar_cane":5,"minecraft:chest":1,"minecraft:egg":1,"minecraft:furnace":7,"minecraft:raw_iron":16,"minecraft:stick":2,"minecraft:torch":26,"minecraft:stone_button":1,"tombstone:grave_dust":1,"minecraft:carrot":6,"minecraft:rabbit_foot":1,"minecraft:arrow":8,"minecraft:rotten_flesh":10,"farmersdelight:onion":107,"minecraft:hay_block":13,"minecraft:gold_ingot":1,"minecraft:glistering_melon_slice":3,"minecraft:iron_bars":2,"minecraft:cobblestone":131,"minecraft:snowball":222,"minecraft:iron_door":1,"minecraft:tripwire_hook":1,"minecraft:smoker":1,"minecraft:potato":108,"minecraft:lantern":2,"minecraft:leather_boots":1,"minecraft:bone":14,"minecraft:stone_bricks":1,"minecraft:rabbit_hide":13,"minecraft:iron_ingot":2,"minecraft:stone_pickaxe":3,"minecraft:rabbit":17,"minecraft:spruce_sapling":2,"minecraft:blast_furnace":2,"minecraft:white_bed":3,"minecraft:spruce_log":35,"minecraft:bundle":2,"minecraft:writable_book":2,"minecraft:crossbow":1,"minecraft:golden_apple":3,"minecraft:emerald":6,"minecraft:bread":6,"tombstone:magic_scroll":1,"minecraft:coal":159}},"DataVersion":3465}