{"stats":{"minecraft:mined":{"minecraft:spruce_planks":5,"minecraft:furnace":2,"minecraft:iron_ore":1,"minecraft:spruce_log":21,"minecraft:powder_snow":55,"minecraft:crafting_table":3,"minecraft:torch":6,"minecraft:coal_ore":42,"minecraft:chest":1,"minecraft:spruce_leaves":2,"minecraft:stone":69,"minecraft:wall_torch":2},"minecraft:picked_up":{"minecraft:stick":2,"minecraft:raw_iron":1,"minecraft:crafting_table":3,"minecraft:torch":8,"minecraft:spruce_sapling":2,"minecraft:spruce_log":20,"minecraft:string":2,"minecraft:bundle":1,"minecraft:bone":2,"minecraft:rotten_flesh":4,"minecraft:spruce_planks":5,"minecraft:rabbit_hide":4,"minecraft:hay_block":1,"minecraft:iron_ingot":2,"minecraft:bread":5,"minecraft:rabbit":5,"tombstone:magic_scroll":1,"minecraft:chest":1,"minecraft:coal":41,"minecraft:cobblestone":68,"minecraft:furnace":2},"minecraft:dropped":{"minecraft:iron_ingot":3,"minecraft:rotten_flesh":4},"minecraft:custom":{"minecraft:time_since_rest":26930,"minecraft:interact_with_furnace":14,"minecraft:sprint_one_cm":68318,"minecraft:damage_taken":860,"minecraft:walk_one_cm":114453,"minecraft:mob_kills":21,"minecraft:drop":7,"tombstone:raider_killed":13,"minecraft:damage_dealt":3522,"minecraft:interact_with_crafting_table":8,"minecraft:fly_one_cm":28498,"minecraft:open_chest":2,"minecraft:play_time":26930,"tombstone:undead_killed":2,"minecraft:sneak_time":40,"minecraft:jump":293,"minecraft:time_since_death":26930,"minecraft:total_world_time":26930,"minecraft:fall_one_cm":6373},"minecraft:crafted":{"minecraft:crafting_table":1,"minecraft:spruce_planks":76,"minecraft:stick":56,"minecraft:iron_pickaxe":1,"minecraft:iron_ingot":7,"minecraft:baked_potato":5,"minecraft:wooden_pickaxe":1,"minecraft:stone_pickaxe":1,"minecraft:wooden_axe":1,"minecraft:furnace":1,"minecraft:dark_oak_planks":12,"minecraft:torch":16,"minecraft:stone_axe":1,"minecraft:cooked_rabbit":1,"minecraft:bread":4,"minecraft:wheat":9},"minecraft:killed":{"minecraft:skeleton":1,"minecraft:pillager":13,"minecraft:zombie":1,"minecraft:spider":1,"minecraft:rabbit":5},"minecraft:broken":{"minecraft:wooden_axe":1,"minecraft:wooden_pickaxe":1},"minecraft:used":{"minecraft:wooden_axe":37,"minecraft:rabbit":4,"minecraft:bread":7,"minecraft:stone_pickaxe":58,"minecraft:baked_potato":5,"minecraft:spruce_planks":7,"minecraft:wooden_pickaxe":59,"minecraft:stone_axe":59,"minecraft:torch":9,"farmersdelight:onion":5,"minecraft:cobblestone":1,"minecraft:crafting_table":3,"minecraft:goat_horn":1,"minecraft:furnace":2,"minecraft:cooked_rabbit":1,"minecraft:potato":2,"minecraft:spruce_log":1,"minecraft:experience_bottle":2}},"DataVersion":3465}