{"stats":{"minecraft:mined":{"cyclic:flower_lime_carnation":1,"minecraft:spruce_planks":5,"minecraft:white_bed":1,"minecraft:snow_block":157,"minecraft:powder_snow":61,"minecraft:crafting_table":7,"minecraft:torch":7,"minecraft:emerald_ore":1,"minecraft:chest":1,"minecraft:cobblestone":4,"minecraft:spruce_leaves":2,"minecraft:wall_torch":9,"minecraft:furnace":5,"minecraft:iron_ore":3,"minecraft:snow":6,"minecraft:spruce_log":29,"minecraft:coal_ore":77,"minecraft:packed_ice":16,"minecraft:stone":133},"minecraft:picked_up":{"minecraft:crafting_table":7,"minecraft:string":2,"minecraft:leather_boots":1,"minecraft:bone":2,"cyclic:flower_lime_carnation":1,"minecraft:rabbit_hide":9,"minecraft:spruce_planks":5,"minecraft:iron_ingot":2,"minecraft:stone_pickaxe":1,"minecraft:rabbit":11,"minecraft:sugar_cane":5,"minecraft:chest":1,"minecraft:furnace":5,"minecraft:raw_iron":3,"minecraft:stick":2,"minecraft:torch":16,"minecraft:spruce_sapling":2,"tombstone:grave_dust":1,"minecraft:white_bed":2,"minecraft:spruce_log":28,"minecraft:bundle":1,"minecraft:rotten_flesh":8,"minecraft:hay_block":1,"minecraft:crossbow":1,"minecraft:emerald":1,"minecraft:bread":6,"tombstone:magic_scroll":1,"minecraft:snowball":222,"minecraft:coal":138,"minecraft:cobblestone":131},"minecraft:dropped":{"minecraft:iron_ingot":3,"minecraft:rotten_flesh":4,"minecraft:snowball":28,"minecraft:stone_pickaxe":1},"minecraft:custom":{"minecraft:interact_with_furnace":24,"minecraft:mob_kills":35,"tombstone:raider_killed":16,"minecraft:interact_with_crafting_table":12,"minecraft:time_since_death":8023,"minecraft:sleep_in_bed":1,"minecraft:time_since_rest":5624,"minecraft:sprint_one_cm":189321,"minecraft:damage_taken":1750,"minecraft:walk_one_cm":278375,"minecraft:drop":10,"minecraft:damage_dealt":5264,"minecraft:swim_one_cm":27838,"minecraft:fly_one_cm":259909,"minecraft:open_chest":2,"minecraft:crouch_one_cm":280,"minecraft:play_time":74930,"tombstone:undead_killed":5,"minecraft:deaths":2,"minecraft:sneak_time":420,"minecraft:walk_under_water_one_cm":5231,"minecraft:jump":1354,"minecraft:walk_on_water_one_cm":15678,"minecraft:total_world_time":74930,"minecraft:fall_one_cm":22749},"minecraft:killed":{"minecraft:rabbit":11,"minecraft:spider":1,"minecraft:skeleton":1,"minecraft:pillager":16,"minecraft:goat":1,"minecraft:zombie":4},"minecraft:crafted":{"minecraft:sugar":2,"minecraft:crafting_table":1,"minecraft:spruce_planks":108,"minecraft:wooden_pickaxe":1,"minecraft:baked_potato":5,"minecraft:furnace":1,"minecraft:stone_axe":2,"minecraft:bread":4,"minecraft:stick":56,"minecraft:iron_ingot":9,"minecraft:iron_pickaxe":1,"minecraft:stone_pickaxe":2,"minecraft:wooden_axe":1,"minecraft:iron_shovel":1,"minecraft:dark_oak_planks":12,"minecraft:torch":40,"minecraft:cooked_rabbit":5,"minecraft:wheat":9},"minecraft:broken":{"minecraft:stone_pickaxe":1,"minecraft:stone_axe":1,"minecraft:wooden_axe":1,"minecraft:wooden_pickaxe":1},"minecraft:used":{"minecraft:iron_shovel":168,"minecraft:rabbit":4,"minecraft:stone_pickaxe":186,"minecraft:baked_potato":5,"minecraft:spruce_planks":7,"minecraft:wooden_pickaxe":59,"minecraft:rotten_flesh":4,"minecraft:torch":18,"farmersdelight:onion":30,"minecraft:crafting_table":7,"minecraft:white_bed":1,"minecraft:snowball":185,"minecraft:spruce_log":1,"cyclic:flower_lime_carnation":1,"minecraft:wooden_axe":37,"minecraft:bread":10,"minecraft:iron_pickaxe":1,"minecraft:stone_axe":126,"minecraft:cobblestone":72,"minecraft:furnace":5,"minecraft:goat_horn":1,"minecraft:cooked_rabbit":5,"tombstone:gift":3,"minecraft:potato":2,"minecraft:experience_bottle":2}},"DataVersion":3465}